image_id,label
uhwvxu4m8m,0
4u9ww8nvdy,0
ii59mabi55,0
euz7hcqlle,0
qajt3p7p55,0
aomnx9uvkw,0
8z8mg6n5w9,0
q4i3ermxxy,0
8k64x21ed6,0
2ytyx6gcmf,0
bdupmdgezl,0
x46pm17xkl,0
t3vf95w2j6,0
l1r3mtlwy8,0
0gjfwns481,0
2mjoi0xdim,0
fl5trdhrx0,0
p9whsyro67,0
y14aic87zw,0
lhz02lucb8,0
28yb8dvt4v,0
65vqxu9n3x,0
qdsq7yr4g4,0
m0s151up6p,0
p9daj3r9g7,0
37awusu0nm,0
cxchres6ne,0
kbzqm7covv,0
ogrygdj6pu,0
argof6wxpw,0
y1sxai9uiq,0
zwj37y25a5,0
2rafd0ddfx,0
ir17wmhhve,0
b2940s9h91,0
otvn8wpgww,0
j0xca18eor,0
1onb73cxfa,0
3gy330pff3,0
oa9rtmwsis,0
1hq5hz56og,0
944p42o1b7,0
8q9uln8bi6,0
cng4624aeq,0
oe53ldem8z,0
fbg0b3san9,0
azmf02krng,0
fzjodmo4f0,0
tdldxp8v5y,0
3q8xc2xq2k,0
6m95irkagr,0
irsgp05s1m,0
quuu0m7gzb,0
yn47j1adkf,0
o25ye777e3,0
ob4ilvxytb,0
ep7wot9cvf,0
e721kta69u,0
r40l2xw4b8,0
42i3um2i43,0
5334m7vi72,0
2cpshv1rms,0
ixbjbmr9tz,0
mbam9tzk05,0
37x046quht,0
el0rqkwsvi,0
91s4qxc5f5,0
hmfxxsehf2,0
zrmuhn8bvf,0
gt24uzinhl,0
p9yqmrdzj3,0
oil4d32nw5,0
i40jq00u0l,0
x1xq6l71yt,0
kt56usyf34,0
p9cdnevqoj,0
8ju82fj18j,0
vsn4czpuc0,0
eij2eo254z,0
g974e7j9po,0
b4q9wq16qk,0
rpxf9uulul,0
gvz93621g1,0
hgot8878dm,0
rprx7833ps,0
13rs9b42cd,0
0ipu54s43n,0
jjg2qy3dfr,0
n2s08i2rgi,0
ro3ofxtakc,0
h9zkayec73,0
oc12fz5kiw,0
k3khcvq307,0
vj0z0xa0em,0
4yibnkfms2,0
osbcvanjjn,0
cnenw0vp4u,0
aw427kld3l,0
7nlnz6fwka,0
s94vk1e662,0
tj0xajiv4g,0
gi8ydbn5g9,0
bhw236tqnq,0
f7hpu7g2cw,0
0ixmy8kyxb,0
oe2fi8sk12,0
b91a3gub7n,0
0bq751qx86,0
fljbqx3syc,0
3hrdpjumvg,0
swso5vd364,0
p8pkwewfcj,0
87rtppp9yk,0
u88m4iqf44,0
sm1ni85duo,0
563acj3tdu,0
pozhfbfcwu,0
7fnbdsb7j6,0
u177xpnnqo,0
6ang6mv8bx,0
ewednfav73,0
82td3w2zck,0
1vgy0c1jiz,0
6n0qv48mih,0
uhj9p29lin,0
gdwfwlpsg2,0
rfn7qjqufk,0
c5xgdpdbrg,0
j9wwvp38yo,0
xbr9g85rfa,0
toam6l91y3,0
26mr6lmvbj,0
kx3cq5oc1y,0
napdgm6anl,0
2wmo84r63v,0
mkhemvs9ln,0
abmbio1ug2,0
vlq66375a7,0
hh9nm0qao3,0
a5xcu406iz,0
qi3xgl8b0s,0
k28d9yxq54,0
2ogo9xqc5o,0
mnsedmyjd6,0
outfnqeaok,0
7ji5no9twf,0
qfis0uoz7u,0
tvctwira00,0
nd4c6a6aw3,0
saeuw1pidd,0
wnsb3s0b8b,0
wz9o6pd8nj,0
ud620u8l18,0
ivivo5d5hf,0
pkq8azgm6j,0
an1vhkrdt1,0
xxgu3yzpip,0
1tr9z97sre,0
yuf2lyazws,0
wifbxb33t5,0
386moz1pyg,0
gem1emzpat,0
fu0hynakog,0
4qc04g3chq,0
8nz1400jtv,0
5fw2j05e6z,0
uijec4wggk,0
4pc4rl0krk,0
o17oj33hkm,0
qftwgkd3jl,0
bohpjjmh6w,0
mp4lbyzm92,0
9cegmzxz99,0
xjwa4p2owk,0
99co44lwyb,0
3zq5jxnfem,0
j27d6z4ph7,0
62hzb7st0q,0
g3gk1lv5j4,0
ynq11rewir,0
x6z8ucl78l,0
ky4jgxsfzz,0
8mg6y2ejjp,0
8gk2hrb8pn,0
anppzc6fw4,0
ik9gndn1qm,0
5vl8uu4h3s,0
wo73wcmn2c,0
j5d7c4augu,0
dc8r3lzxsl,0
sksjwf7i9u,0
y34ashzn4d,0
4sdks65pyj,0
vw3hpiluik,0
rtts9wzrhs,0
nn5sorvrif,0
3rmqu7uk5i,0
q3y2psxrvp,0
av50585ktt,0
d8ix3gklty,0
7ni6lwwvuk,0
2gp3lj7a8a,0
gnlejgcsyk,0
rroyu0kwxu,0
ohx9t9g629,0
z9avukoo0z,0
qdxozl451v,0
65owl1uy1i,0
58bk0hq6c5,0
oorbghyiuc,0
m5kg7qwgw9,0
vftfx3h470,0
h6n0s86acf,0
xja6sr5vo4,0
6ycspxaygb,0
mxxkc7jfbc,0
pqb2a8p50v,0
cq74x6v5ql,0
l8670qki9x,0
9y1jnyuhz8,0
zg08yjk2l3,0
lc589r195j,0
dke08t42ec,0
hmwse5iivu,0
i4ftbbj89e,0
rhbeug1gjz,0
67dtufx7wx,0
9hswd2jdek,0
9p4dk36wv6,0
mceqsmomi7,0
uovw7dagdn,0
51bmylyln3,0
zlf49sfyci,0
0pewmur9x3,0
qd5ootclns,0
q1xks8cgq3,0
avy38ni9u8,0
rmuj742hnt,0
wfo0x7uqs3,0
9bhju4dldf,0
y0q7fxem7u,0
ykppzlqkoe,0
bo9534vg38,0
q7bi6zzau0,0
gtcg3dzws5,0
r5sijqo61v,0
h4gazae95j,0
e186ssusny,0
sejlcy72mc,0
rugark6vv0,0
o0ih4ihjt7,0
pybmxqdiqg,0
l09aji8ooa,0
m2sy57ekx8,0
0m9zb2xk6w,0
9v8efeilku,0
t0jdx2t8fn,0
to0os6c75q,0
et1rd13zrf,0
asx2n142z0,0
r6bkkj4jtw,0
j19pwyw58l,0
mgswm2r1x2,0
okazps28r3,0
ze7x2rw25r,0
119p3jk9i8,0
c68cz36z3y,0
vqy8idx6vk,0
sji3vudhc4,0
ckvqvhryfk,0
tm2cv3e9nd,0
4aea6e927o,0
5yp449kxrk,0
j9pdmq9x3i,0
vygomxypwd,0
mmt6lxj96u,0
9sg8bv51dg,0
tut12bgci9,0
5efgtlsu0d,0
6z9dm5rp0x,0
bx33uvraq8,0
4y8orzj4o6,0
4g14jifbec,0
u3pwebhsuv,0
51o8i0yvs7,0
bdh0qvdgez,0
dcp5zkklh9,0
ux9z09i5cw,0
pcpc20oeoo,0
c4gdka23wt,0
tyie8lzaap,0
be0hepofpw,0
vy91h8xi90,0
14y6ge5nqp,0
a74s7enbh4,0
02okow1l1j,0
96vlok5et9,0
8bxvr79ppf,0
4j1nxkpy9h,0
1247rw7upj,0
jzimdl7edv,0
vziweamf6t,0
m6vti6sv7o,0
35lkoh7hry,0
7djxwhvfv6,0
cf88g2espn,0
jzsi4xg5id,0
geljpnlcya,0
6vzmw42r44,0
imsw540h23,0
hzpnn1xph1,0
8jfh8cq7p0,0
0d6gtfn1z4,0
50idfshqp8,0
natvqtzes6,0
e7tddy115a,0
rhpgptxdgi,0
oseuwjpytw,0
bm345plcaa,0
pyoeg5okgz,0
fkbs6kuo2x,0
lovze84fc2,0
95b78il5v8,0
vctagcwm0a,0
ib4fq14l1y,0
h8djmzv19y,0
hmonhushg0,0
nwaf6903r1,0
vtdeougzxe,0
6cmhczo9zx,0
ssluhsipsm,0
pzbi4zfnff,0
1fyyk80dq5,0
gub1pfmeix,0
fmr1fe92r7,0
cwskq5hr1i,0
668b3t83kr,0
v66j1st3k6,0
2aei9tt9sa,0
fpudfrmaap,0
kf6pexbge2,0
xox0v5vdqw,0
fmmeqvzz9h,0
q5nqk575sh,0
8np95chzrb,0
u472j68m86,0
zqvdlthj2p,0
58r2e914a9,0
oznv0735iz,0
7kauatcpnj,0
98qrvm7176,0
xp0vj0xcff,0
9pengx3huc,0
9ntdjwfiuq,0
lw30f8zskz,0
t2yguhrxrv,0
h7sdjc6b42,0
of99hr50ab,0
cynfk4yj3p,0
xntk0zvuzh,0
5ykyukc2gy,0
37scxnrb3k,0
ys0w9afdc1,0
db2ojxrz08,0
sdlnbcsvbv,0
cdpk9v1wz8,0
dg7sve8caa,0
k28itd9pax,0
7amm6z2eoh,0
bw165evfx3,0
4akun0e5vd,0
iy9umc7130,0
0871ycxaqa,0
ahqny36xyq,0
ijv4ub9oef,0
fircaxftb1,0
npne0ahwel,0
u6oaqb07ko,0
g8t7oryrlx,0
c7guch4yyy,0
13cm455o11,0
emvct26lw4,0
vlh328nhe9,0
zvlnje205e,0
va1zq9sn3s,0
0uq9tbmv9e,0
yk52ayhn9x,0
355k4rxnj5,0
c3sf3loaa8,0
j059du4b5r,0
24aehgz1eb,0
2j2d7l5flh,0
k9pogox7ui,0
o906yx3rv0,0
upjpr54q7p,0
ok21i8rgu6,0
nriw6x6ent,0
nei72qcsa6,0
89o2htf26u,0
ltlov5kpwq,0
vgu5jlqahu,0
n0yuy9nowr,0
ctuicsm50a,0
w5igxvymqn,0
qsubhawv8w,0
lv67rn9vld,0
3co4wb9bhk,0
1joebfgn1d,0
vqqlmd9wfg,0
mo9gi2pdwd,0
0hf3vrkhyc,0
x0kxwz4pto,0
lrrvezsmsl,0
wyh0rqapq0,0
5ytc0b6afa,0
6pm33ehzje,0
p25mwsov64,0
q6xi85yzt7,0
5op2bxiuzx,0
j2i6cxyelj,0
kvp1oxx4k6,0
gy93q4i6rr,0
s5iue6ats9,0
f9r840d7l7,0
1x0yvpw45m,0
b6dpwzayo7,0
6vtt1raq1y,0
kwryvcul06,0
3qfcdb8u1d,0
yht3y1lhcw,0
7yw97kkrco,0
bxbefu3t01,0
9l22suixjv,0
n12381igdz,0
bnz9bsyo0m,0
aumwtq2xos,0
rj94d64xhh,0
oawfjz9wca,0
8wvj3sornz,0
tnmv1ulk2k,0
xvqd9is1yi,0
uuioj25kzz,0
sw8x87y1xy,0
saf143y2zh,0
jrha385cou,0
qqdgyv6lw3,0
ho4u4zk5lp,0
zo76c0qaxc,0
j990hh7em9,0
vyhxv5ioln,0
n6zxszrvge,0
u66r7qmtaq,0
iv7ixg2eyt,0
aises90arr,0
275uxush21,0
1eew6hego1,0
1ppt6fjxxg,0
3sce1pkmvm,0
koh41142bf,0
zgr3wqueph,0
5r5n0rupx8,0
7dudedhubo,0
ca50qo0lkn,0
pdugq5rbwa,0
f73l62mlnd,0
6kacl6e1iw,0
gh1ww92tqc,0
8gh3enlsdd,0
6wiwc1traf,0
1hcounm9j4,0
nrraqu9fik,0
lp7pq4pcba,0
znmquh9o7c,0
xsi1f704is,0
fnuclhsdnx,0
bbsytzfaxz,0
y0tdhubqys,0
wqyjxpv0na,0
sxgm0yj84y,0
cl531tk2ag,0
nx08d0kbhu,0
ex9r02g6im,0
vq6b2jflbd,0
trqbfvah2t,0
whhedanrtf,0
lnesqblstm,0
t8a0ca4f10,0
qpj2jueu0u,0
ro6fma5qo1,0
oxrt85zqth,0
dugleolna9,0
yrpwkoetqw,0
8ymm5vlbmg,0
rsnj3uha3e,0
7v3qv5dwxh,0
v373kkgyiv,0
0c6ohjgh32,0
ls2o9pbezx,0
700ry8gvkd,0
jg76bqqz42,0
yksvkeml3u,0
li5pbzixr7,0
u37sci8az3,0
7g4py2f3vz,0
h92ijviom7,0
v37mzsk4ug,0
h16bq888s8,0
b5fgun3xfh,0
vrrxubmtcu,0
sh85kbbd3w,0
nark2h8bla,0
3hb1m763j2,0
wclne6lr9t,0
ne1abhc2af,0
q0hy4jo6gu,0
esluzfs0xh,0
ed8tuj5ulb,0
oyldzh8lvo,0
8sg1ej3jky,0
s8l6cvxzy0,0
antbp56bjn,0
40fohg2gul,0
ig81gb43ze,0
bhuro2ml28,0
jh7stc2ere,0
xwux446ox2,0
q2xd3hp7ox,0
w1uzesjkgj,0
8hiwnk17a9,0
ra7bo25weq,0
uyqsdl5xl0,0
ibu99ex2s1,0
kxij21zldc,0
yssbq6om57,0
i6v3nv9a69,0
rcne4xjlj9,0
mwt8g4jvej,0
o6db9x1yqz,0
bu0ezga07u,0
v6qjdbnda7,0
nbwqtxnt7w,0
z00mf9sepz,0
g3sybh4r5t,0
mzinfqt8px,0
xwmlwwxnu7,0
f3409i8y6b,0
rip0960wce,0
f04eviitkd,0
yz29uihfqt,0
hm1tahaxwg,0
zboz2ih6d7,0
ltob1qfe9y,0
qvr4sskr8f,0
bkj08m62dm,0
ixhyp3wob5,0
ad8lzhpok4,0
bmhaywrpvu,0
hxbni8t3c9,0
ze6pvxrcv3,0
vpyteokln2,0
ygsfabx4hr,0
w28cmv7la7,0
i8wocafxbj,0
rdd1oibqg6,0
u9s14objb0,0
yykt7s78bi,0
q8eadxsqbz,0
wnjxovtded,0
xjgptzvx54,0
lyzbeq7hfd,0
322m3xptr6,0
zfgugj82cn,0
lnc2g1cmp7,0
lclto3e6ue,0
1urecj0uid,0
1flwzycn8r,0
b9crjrlmr1,0
eziv8cs3s7,0
82qcrc5iem,0
i5o7qu6qf1,0
pnm716ious,0
97a8cu6aw3,0
e8ojnvkinm,0
8u85bqj0t4,0
ew5m8lkk0i,0
3gm3j3jlah,0
qvpsu4xwjj,0
i2iwm4yvbf,0
kak9a9x844,0
ols4vfgpkx,0
emkw6o8roi,0
idc35reh99,0
3y2vn39iez,0
m9l1fc79di,0
p758l3styk,0
82onzkix4u,0
u9gcl6rpfm,0
eikfp6pvpy,0
1e5aiof5fh,0
1o22x82eyj,0
6jm6n8oiur,0
gqo6spmpp2,0
ucmqr0mwe1,0
2qvkmgjakn,0
jbbhkyfswm,0
j6wx2q4eqp,0
2v6azlco1z,0
0667ztjzqv,0
1vnxkyp2x4,0
4enspl30d4,0
ygdl67dt9z,0
srgwxzukhr,0
5ato46k4ln,0
h6okb6jo6g,0
ltsfia8uvk,0
lckvzunno6,0
u4bph77el0,0
l8nm2g83k8,0
brwbdd3e0l,0
28h5qco1zo,0
cpbcj097yn,0
hjpozz42rv,0
d0buaobl72,0
tenp2gn71o,0
9gjm2sj91t,0
xy0gqggkj1,0
mp63433e1x,0
k35i4h0yc9,0
ubz3nnk428,0
fgqh8oi7s7,0
jmiucbj6o6,0
7sovrzb9wd,0
dzyauos46p,0
n996s5tpjf,0
iciwgeo25t,0
gzhvma4mrz,0
mzpixe13t4,0
qe2a8suj44,0
sf5gcln216,0
gszo00hxw7,0
z7xvdmylr1,0
cuw6846ba7,0
n0s4syk7eb,0
qkotb4akpr,0
x6qkpk6abq,0
3dc4z4qsra,0
m8icxangn7,0
9w8r8h9pvr,0
136fdsrf0x,0
m0g2r6xb04,0
huu4ccz81t,0
31ej4qkzyu,0
w3og9t6f0a,0
rtw38xfdi9,0
dv3bxxzyj0,0
8zcboo9nm2,0
55tq04saim,0
v93n64x0dz,0
ixkpngq90s,0
gauzulef5f,0
9qdjcgqt03,0
lfo5lbnwki,0
91qnqht5rc,0
cojato48u9,0
ebj1ckh46e,0
q23i1kxuzg,0
dnf8l9oaf8,0
ukk0d8eimi,0
k4cqcq3g1o,0
jnenq1o06s,0
ppfnbcnx21,0
nzrrkoxu5r,0
2csfa9dkhp,0
9ipy2d6qsk,0
giu1g7yya4,0
4w28v65807,0
r97qo1vfio,0
sch0bf8juo,0
lgoa86thrm,0
8r6eiwruj3,0
eq6dexjoh0,0
lx9zq92zts,0
khemw2mz90,0
slw2ymtm07,0
4w99g5k9y4,0
q03mlzsjff,0
a24ibxokiw,0
uoit9a5pjb,0
uw1we9lg05,0
x6x28j6qtu,0
knvl36thp5,0
wpvdwxyiyn,0
4teffvaxfp,0
sosh9o0i4t,0
mgb7l17481,0
i5v113k7bt,0
9j4sc64fa3,0
brsrv71enh,0
jagygdmg8g,0
r0y6plwmgs,0
xuf39nkggv,0
yv9rhjptfr,0
sbrgy5r9m4,0
gfyit4ksyv,0
j0z5if1b6k,0
42utwj9cp8,0
r1ftyplrsh,0
acprmqjk9j,0
5f6dt0vy05,0
9c8ze2wp4g,0
q87l88erz4,0
znq1xewnqg,0
j4gcevi9yy,0
ekd4gsisae,0
eu75hocvpl,0
nr5eys8vw7,0
dzw6pj0ezw,0
9womi5j6bw,0
gjfz6ft8pu,0
gqc921y1f0,0
51tfzte3mc,0
0dlr8qk5cc,0
yjlw7vqw17,0
lzaifw91dl,0
vuozksn2r4,0
ufm7uk14de,0
2d9lydem1d,0
q4g0y0w26j,0
rn0z4teg04,0
mun5wqlrdi,0
k9m391ob0b,0
n9smek5swv,0
eto2t09vgn,0
cypk5qwitt,0
x4h4lmzucp,0
49dm1vvvi4,0
trwk6xizut,0
dux0twbyyl,0
lm9sokf0qz,0
n5rwsyrzjd,0
to8wuvj9p4,0
wfrsffzvga,0
x8qkbz2rn2,0
3bg016mth3,0
1kpie54t9n,0
jptcie72yw,0
glr2horbae,0
erc6z50a02,0
kq982kn6hq,0
9eg7wi4nnn,0
w183p9yb52,0
rf9atc8piw,0
md02t2ugaz,0
qo0imy6h9n,0
d8v7tsxaj9,0
dkc2oiq0cz,0
mo7dm5l6fb,0
qh4go32wi7,0
osmkr4lan4,0
h39s6th2lk,0
a744h9juov,0
xtjpnzj58t,0
11g762xujl,0
tat5glpplq,0
5wa0c6qn6i,0
x81tpuizhh,0
eckh339vvx,0
bg1l7k6h9m,0
etwqr6xfhp,0
cuuw4i9g3o,0
sdfxrz751x,0
4l5jweb51s,0
wv50jgqlni,0
x5o2awwps9,0
wlsewj93gn,0
eyieo3y5d8,0
nfq3jp4137,0
x0yk2yvytg,0
m33l9tmh7w,0
f3w51fgtcu,0
jjbdcyaz6o,0
rc2lm3qz9g,0
2ilw4v8ofu,0
vu3djsqof6,0
t5n9v7bw5v,0
jxri7bh5de,0
91jf6owu9z,0
hirlgr8k3c,0
2j4sxudolk,0
d4etoqpytb,0
lqppolpznd,0
oeox4ypmc5,0
3ufekc5efs,0
w2em0q29p1,0
wi81vrkeqm,0
3qs96d93nr,0
mf8f938efg,0
0dihk4odw1,0
e8j70jrzx2,0
wbncv6yrok,0
rg0uo4tcex,0
5jkwam9xyr,0
aljig2tldn,0
84yncueeiq,0
gmzuy3zc4x,0
9ozalwsy9u,0
sm6ofmxdjw,0
0vd817gdce,0
i2pptrm61i,0
ymx89zzlmo,0
64ssoeusph,0
7jky1y3ud7,0
gj91zwqzek,0
ds5xefzu8f,0
y924i83wvc,0
ornkr53m35,0
rjtnvqvmkm,0
enm5jfefx1,0
64vdeps4fs,0
ifklivansb,0
3m1v27ce10,0
uvazaqa9g7,0
j2mb7wj5hm,0
cdmpqar6kg,0
smjumyu2gg,0
qaqrkfi2x4,0
wl1hxywug1,0
icb2oh7vlv,0
0cjweddehn,0
gqn5gf2cf0,0
f6foy5vqqe,0
wgv4p04mmn,0
lklz4ka97j,0
bqmpponk59,0
gx4uo8ttu5,0
xvsl6txzxz,0
il5fn0uzn0,0
uj1klauu1q,0
iiysunj5m6,0
p0v9z4dyb0,0
aat9i0zfyc,0
plwe4ydy55,0
ytw2bljt8w,0
9wb27wet7g,0
5eqrpqoq2j,0
7sftt6d0c5,0
bu11p8wru5,0
2ruxqvzaws,0
2shwvvb7hf,0
pswva3t84w,0
gz06mleyhh,0
lqmhgb5wno,0
cfqg4rgvgj,0
qrmcbnxlb3,0
6v96hskuiv,0
6zcusfkt92,0
dtmdxjlt6j,0
34xpvtthr8,0
tfjr5lrnho,0
17m0h5ke6p,0
8ly5t97c7t,0
fo3zuqrqv5,0
8pchhekeid,0
0y9slxu7wq,0
txyulrq6ia,0
4lyjbkphgf,0
aq3nrlypaa,0
eh8x31omsq,0
8goq4avzat,0
7qonhvpbv5,0
9gmwsn3x3g,0
1y6ty50ihr,0
oq9eaohdey,0
69blr33diq,0
pjhhpu2l9s,0
bpvxxhvief,0
1de1dl11fz,0
mag8kvef8g,0
o4xmcwweiv,0
iupa1hwa33,0
e6tsh8vfpl,0
m8jjis1e43,0
o7mjh8ghsa,0
kkfynwdmrk,0
4oxhr8nv78,0
utn29lnpqa,0
gqlxc8k1tp,0
e1haum8hne,0
quze5g6y88,0
btdupyo0n9,0
wl0gvgakqs,0
pny2qce0rk,0
ib7x2ptjqu,0
e70ng590ng,0
5a380t2uvo,0
mlvrfcvxdd,0
f7cniuiux4,0
y3w0xou38t,0
psqctxwjyd,0
0ktj81dlss,0
j366zfm6w4,0
jsg9sclw9b,0
4ru67rnv3l,0
pr9eh0cj3j,0
a8dvu9mzyw,0
zacru2q8kg,0
qz594izh8i,0
1wbx58htry,0
4r3n9omlid,0
x22hjmoal0,0
3useubk0kw,0
veuk4p7ocz,0
9vi12p2ctv,0
zruizmjsb2,0
mmzeijo8lh,0
2cc8vnnsfa,0
ks7bb5imiv,0
9b0vvby39d,0
tus36jj9b4,0
l2zw0nh1u2,0
un5hjivpgb,0
wlv8zm077w,0
ob8zwmpt5u,0
3ibfagtc9e,0
6jl9mosbtk,0
akhkcshqwn,0
jpl4to0r1b,0
v6cef4zuzl,0
mpatkcd2w8,0
0ij6pnorl1,0
749o6e9nqa,0
cimkjvymkw,0
xi8jkymsgq,0
ptffjjss82,0
hq18g92slk,0
y54c81xssr,0
qygmmd212n,0
fez4yj1rti,0
olzsvc3lvo,0
3f88ka4425,0
alsw2hlyye,0
tjznkobqgk,0
93z82ycbht,0
dsfhzm7udu,0
0j1htpudfb,0
p8wa13zdf4,0
4yrberrax0,0
03j4zycqm1,0
yo4dupbdmg,0
o9mfwri2ow,0
0pe7gac3xc,0
6ygf3938iw,0
9qyne0wae4,0
h9nd1lr40q,0
17fl8nm76k,0
4ivf58bq3b,0
iv304x2k61,0
ctqd1m7wfw,0
k03vdoqwj7,0
bym8r71zpk,0
cwd2wrroqg,0
wytr8fws3a,0
z0fhr6gbh3,0
oqfehpug3g,0
07b40w67xs,0
f0wz70mkem,0
9l2lbgg4xm,0
wwefpda5xm,0
3oe98cud46,0
rlwar7ia6r,0
wmyf4gbtgu,0
xid524hs9u,0
jdk7ctt4k4,0
imbjshwe4n,0
iathmm53md,0
pv27pl3rfc,0
r226xuejme,0
sh720x2mn4,0
1fkxrk8s04,0
uxkjculpbm,0
xbqzdcdqe4,0
b5ehakkliz,0
wzmr7nhzec,0
5sgwig4nde,0
twmwp1gc5q,0
oig0htybku,0
3fm107hgmt,0
91wwiqzb0c,0
b7iptun661,0
4nq25kkz9y,0
ctqt33574q,0
sk8189asej,0
7aq972lp2h,0
5ed9xzflmd,0
r027lgemup,0
ccxiwx2k0z,0
m6p2qhljp5,0
nkg9zqzuxn,0
54on4mjq28,0
qja3jejrgo,0
ayzhcj51om,0
hs249deu5r,0
o4hgu7reds,0
kdvzoxmxbj,0
yq9p8s7oi6,0
51vvo0bzfe,0
s6lhbwihy4,0
lxgu543emd,0
eqe735n612,0
sfrn832kln,0
ypgyj4xaqv,0
rjjez2kd7r,0
z130v3mnd2,0
43050e548m,0
nr4kve1ghg,0
wq5oiapl6c,0
zpetppb4mb,0
1c4s1mqp7w,0
8ihjjs8636,0
6ws7bf7mmr,0
sj0n4yyjgc,0
xx6gpmj7ff,0
uol69zl595,0
75broozir8,0
wqy8h1m809,0
hhdh5aw81e,0
ddwp2if5lj,0
fh7ac8o4vd,0
c8ngilswte,0
ulq2a9e1bd,0
dh7ids7xqc,0
scz2k9p5z6,0
b4mf3qst6a,0
v7ablgqydo,0
3u77y1wphw,0
667rstclyk,0
yffudu8etv,0
tor7k6et9o,0
858232flb0,0
lrtvgfiqh6,0
nvl46lslty,0
zbal7evamd,0
5n02223hm5,0
cojmwopeeu,0
oz4xmppa0e,0
389jqdo5hj,0
a9i5yvbuwo,0
isoldkd9rj,0
kxzcj774lr,0
q6mtz2j9na,0
120cjy780p,0
4sdtmuar7v,0
p93wcv3y4t,0
end38r2reo,0
nxr0viqitk,0
zmn51b6z6g,0
1qn5hxhyky,0
3oap8ujuhv,0
ylfw9icq1f,0
qai81r56rv,0
k321460zfo,0
zwxjnknsar,0
3y47i2gn0f,0
kt40kq9b7v,0
u1cvnco5c2,0
k6vqtzxehc,0
hfhubi7set,0
97g3zj4wv5,0
o5iwlgbjrq,0
58hnw8jxoq,0
2pkxmzv270,0
7xiklbn2oo,0
ivlnp59c4b,0
fncom5o4c5,0
wpg3vhbxy4,0
du7b5m2jsf,0
xgza6b55ex,0
lcvwat6doh,0
eo9urmahe5,0
s8ukznwhwp,0
335yp8fihd,0
g1pmqcuep1,0
k6k3iub6zu,0
o996k2x68s,0
f5sabi7wvf,0
fliaireo2q,0
3ck2mysrxn,0
p61txgypay,0
5abmesq691,0
ke76kvk6fn,0
n1jisa0whs,0
v05vhftjd6,0
meafs3l4bw,0
cmjrdzutsm,0
hu7hc3pi36,0
s3ao30omcq,0
4tblcntl40,0
u8hbunz72y,0
ngrudb0lss,0
a3ajt3m43t,0
3dweyx5mff,0
ae1gx56yfw,0
6zf8rktreq,0
rv6dxznwh7,0
1k54sp2mo7,0
vo8ldfudtz,0
ttx4tt1ktb,0
23iess74ru,0
dgtqjux445,0
0sia63rzsh,0
hn728nculj,0
grxt9xq2cn,0
h83yysgd9j,0
74z5oi3rcc,0
p1b4ezf7nf,0
9i31fdys3d,0
d6j3bvkg7q,0
j07u9l57o1,0
fzcyhfiioy,0
z6ny7ktewx,0
adaxbx042i,0
k65etqob1p,0
zgigv4ott7,0
65ayxu0qvm,0
8h5uaoti5x,0
23e7i7lo7z,0
nu8d279qdr,0
ohpbj3vxw9,0
7w3zi5edu2,0
aemdvv7nr3,0
g8s98h0kbd,0
yex7zapmdu,0
rb7j9tlfy3,0
yza5gd2coo,0
80f6sgbgc3,0
q0uc4s4x3m,0
i4ywt0g78r,0
n54a5khn2l,0
wn0j29iik3,0
nsmseckrkf,0
z09u5afyk8,0
729v0b0230,0
b496z05x93,0
c7e0p6j7uu,0
mavyaln3vk,0
4v2vycn4ne,0
dr9cinrjjb,0
051pqjpvpu,0
zdgn3u2n8d,0
0o4juw9xdn,0
tlzs3xj6ho,0
xxjxxwxr2h,0
evhwky1633,0
0th0dl7imp,0
mb4tq8gcup,0
3i1t3mg2h1,0
ugxz25p4yr,0
cbbrye91xw,0
ywmiuw8s8d,0
74g4kz5uly,0
16gdmcfeis,0
cufqdcubac,0
chmn5f08um,0
hpvg15url1,0
h3vhi4roha,0
tieorwzkhr,0
64am1ybi3p,0
wi67gpxa2e,0
wkw0mbrj4f,0
g6s4ubzq29,0
eqoiqhz835,0
1zrswth70s,0
iov9ootvex,0
0kemhldrby,0
o3yksqufii,0
gl1wg7yzpr,0
4ryqd5zpl9,0
o6k9g3al54,0
iluuvzamna,0
stocisvssd,0
smq8bxowgf,0
mt35j0cfvb,0
x2917s546u,0
psh15icf51,0
9cahugvl3l,0
fui5qbvfjm,0
t5xeg7ycus,0
n28zuy9znt,0
gc96ajqzkb,0
n7xwac6ttu,0
2h48g8xai4,0
rp5ilunyes,0
tyzf0kz17p,0
k00wclmek5,0
ms6cxbi0it,0
ztjuf8zoi0,0
x4bt3jxtps,0
l1zxvxcinv,0
d38c8ps8pr,0
6xxl75lack,0
n1u5xgu3mw,0
8hjwwb6ivm,0
6jfxm5j26i,0
71cp18jyrr,0
ptp6i1tpwx,0
v0f32x3mwd,0
zlek6zmzo1,0
nu8u23jn4g,0
3oan8wxt39,0
x5fy3czpht,0
l20vclwyij,0
nqdrq7h2br,0
isgljybylx,0
e79m96x7wb,0
lyj3jbxpr4,0
zt3ad2zs4n,0
wc4ftmyii7,0
vcrvrnzuwd,0
mem3nhq0ts,0
h1m7r3e5yw,0
p7kme9wqz9,0
m5zu5r1e06,0
hy2msfe95x,0
vi0ypw7flt,0
xebep3wvnf,0
5dwzoyh730,0
aa1m835fds,0
uiqb7vav9c,0
hd1xlzpzxn,0
uzno75fztw,0
07vk4uws3r,0
gqkmbuc7nl,0
e1mji448mi,0
whp71hzbkf,0
p1f75mgfwn,0
hx4unpuxkv,0
7t3iiek5yc,0
i95cpb7hgc,0
ubeyxgdr8k,0
rveskucv0k,0
eldjj3vrzm,0
x6alb1evys,0
z5m4dw63yw,0
i8qsro56jn,0
hh7kbh7gte,0
szlzs5i2vc,0
fh94t8eth1,0
ujcxy6zpyn,0
x4faacdfhw,0
gqbo67j8dk,0
xlx90pwfmv,0
rdpule2jpv,0
t92yqyk08n,0
wmwy27e0bw,0
s7azi2eag9,0
s28zins3kx,0
yzziigotrt,0
wqvpj5vm36,0
srezli7d2f,0
r031ci1rj4,0
8sva8ybpyj,0
rawrnfztgn,0
3en6fgt4vm,0
vgq986lack,0
eogpw0hymw,0
raxw0570hk,0
bbkfr4obuw,0
c32gqb2ad0,0
0up4wwokec,0
31ssnkbwac,0
jnwcwtlvta,0
7rfk48z2lq,0
ywx7rnm7kb,0
tfe6t9plnd,0
129x7y1v8k,0
vggtrzffc0,0
cxs6qix4tk,0
9skb1b0e4c,0
l8d0og1aho,0
nrmhkbq24s,0
q9xpjo5fyb,0
z74hgmq8pt,0
p33azpozm7,0
7ucfrzerjf,0
f446u4kudl,0
oc4wp7b2gu,0
kurppw72p5,0
x5gtylresv,0
h3efud8p3m,0
4qwn3vrl28,0
rzv1xh2lux,0
oagk6zre3h,0
ljb25nsult,0
7btyr8c4h5,0
pxg17tiqcz,0
h5ldvwivpm,0
i554rqtdxk,0
n5xqe7zy43,0
oyi6e4tzut,0
1g7fd6fw2w,0
ab55aaeebi,0
jbpq27gq7i,0
bnj7bbpsnx,0
wwn3jra4wh,0
98748juikq,0
89zu9svbty,0
rdjg5wvexg,0
o9n5vlncdc,0
e2ixa8on6c,0
l5w2px62bt,0
df405553ot,0
atmh4ldpzc,0
tfrdliu7bj,0
sm0169zrk5,0
q1wrpq2rk8,0
9x95f8ubs0,0
0dyyvo8lns,0
tnotedu7xz,0
5njruni2l3,0
j43gnb92jr,0
5nnpkuhryd,0
hhk3lccjem,0
27hafjiern,0
y50al0u4qk,0
kwgwvjolmf,0
olwe9q8s94,0
5xv5lghbgp,0
cque2udo1j,0
zs9i5m1iby,0
hm6434l35l,0
i8p1xr7v5u,0
ay6cvl2mot,0
28zx1bnzez,0
f6znksxgnf,0
d8r1zn8je7,0
sox9ulqdja,0
qthly3qs7i,0
yuhnirme5r,0
mkvd6omhvb,0
rm8o0tupc5,0
pawyff3jz6,0
yyddchrfdv,0
yzwzw3jb35,0
6ihrzxurxk,0
w5cu8ejb59,0
hnvicxjgsu,0
d6yqsbb9cm,0
t32lfbh85j,0
j3wsdz5a9z,0
36589g85i1,0
idhtk7fq4t,0
kiipcfbkuy,0
ztmbd2py7j,0
aw9tqx1eq1,0
re43tlslid,0
3axadtx5n0,0
vz4jvq26hz,0
zwczim5m43,0
kh7fnpz1cb,0
rt5otn8ndo,0
v9oagtfil6,0
rlyp1g9qc7,0
3r1vpr5o8s,0
85syp8k18o,0
33sejm7oox,0
mh34dsn64t,0
wns6mkihr5,0
m41wsxydja,0
fhdz26o01m,0
atzydfs17x,0
3asohhymkj,0
gbk4uq385h,0
fmn6rwiffn,0
wfyxnj2hai,0
mdf5gkact2,0
eif06235q4,0
vxr7iw7ej5,0
1l52db03yz,0
jk0syl5rp2,0
0wbkmzu8ke,0
ej35gohz7t,0
89z95gtv04,0
3gzgt27erz,0
v9j78i0y27,0
n9de9b8nht,0
4inxo7jm34,0
9ldywef7ns,0
6k4zrhsmn5,0
fcvvkwakhv,0
hu3qhqrizm,0
tiv8ohciec,0
vnluptp614,0
7lxli5267d,0
ffazxxjtgj,0
azi8siw9lo,0
j67wyxl502,0
n5muubws4e,0
0kbopobh5a,0
h2bjdkjitw,0
hrrej1x91v,0
f9jk31nnv8,0
jltpbrnr2s,0
vo01o9nugd,0
y3839jgdm9,0
r2wwst1g5l,0
f3tbhatwvy,0
voxvp12ko3,0
5b4vp2957k,0
ivs7w796ss,0
zdpi7k5xjk,0
leyxew9py2,0
g30szvrr91,0
gtvrq5vun8,0
jha7pclz2i,0
8dgryoaw4y,0
irq3uiks1l,0
jzif4yvayv,0
zu2ds5jw61,0
tddzco5l3c,0
17adzsppbc,0
lkhrxcisvz,0
axvijym2qk,0
wfdrmbth2s,0
xyb4m3tf65,0
x9jd04rjgx,0
0sq2l1f4s6,0
rzo31jz4nd,0
zpaapzl7f1,0
jij4fwr6n3,0
816r34xt6z,0
6gg06gyba1,0
j4g5ub3bl1,0
ssxqb6cp06,0
op68pfxp9g,0
6o3433iqqb,0
llmjx1uagg,0
2l8bx5i7iu,0
60nkj247fc,0
n7iwm0r24n,0
xpsow687wf,0
orva19m0ho,0
jjtk9rt3yl,0
gx2ohqkb8h,0
y5dmkirtzg,0
nn4670vj5a,0
a9gn0ejwzs,0
agbkwajq9d,0
fo5pf7vs3u,0
jam418zg0o,0
y8ije4bpzc,0
hb6u0qstuc,0
jz3fmo6j8b,0
uv7sba7ksp,0
s8e6odk19y,0
75j7e1o16w,0
hh27h52b71,0
lob264jjrm,0
w1oc9opcwi,0
34n5n6fxa8,0
wnkdu4wely,0
q623rc14d1,0
6ur14gyfdy,0
qjdh14w5y4,0
lkq9ocvtq2,0
vygbfi8hb3,0
bcrat5rc7e,0
1syk6jwp8t,0
436j7kbngw,0
zy92cqokbx,0
cvr0j3uoel,0
ismi1ew6jw,0
o105qtglfo,0
35esx7945q,0
etu92u0r5v,0
fmdkag4f4b,0
sdx4j3h76a,0
244z6gi9xo,0
fwv8l0yy0k,0
i5ltsbpq8f,0
pivsq4npcu,0
lko0xdrrml,0
nmgoozwqwa,0
jkwqq47ihf,0
ev89vdx95m,0
fcl84b3gkl,0
zf1rm8gl1r,0
mik023zi9r,0
hwo1lfsrp0,0
5m710mdjri,0
yykbnut6j1,0
ep5fe32ezw,0
s5jwscz0c6,0
v3i78jnzk6,0
qdj1ixy0q3,0
x0fbjj0q8b,0
ljumr1txnk,0
xfrk7kmpuk,0
56tok5sit3,0
lwsuyt1dji,0
dx9qtcas49,0
j8w70jrglc,0
dstlc6e3tw,0
feu6ska5ny,0
ggpb7vra0y,0
g808d4nf45,0
59e5lswsq6,0
g59zgl783i,0
gfbkg0pylh,0
uhzm9dn2zm,0
ezuqm0zq6u,0
61l06gnauu,0
b9iozkaikt,0
2ecfo3865v,0
vova9vywmy,0
ax1m99ivsv,0
99pesbp5w0,0
iof6x58v3g,0
6yljnc93er,0
0ej1tviy7c,0
fw0gcoffzo,0
8gcy96f0f0,0
k8jszl0up0,0
aj6h894pvg,0
ck69zoeq71,0
7uv441qv3x,0
u7i710y1kb,0
fubeowbe8p,0
3aj6xqxj61,0
87qpxhc6th,0
8meb6ubn7h,0
s2tp1da05t,0
tngn5h3c1x,0
c1ylveqed0,0
iu8lfrd3rw,0
mshpq1gy16,0
iyggjtjto5,0
law6nzb5tl,0
hl3zs9z0w5,0
qp06stmy80,0
84d5ut4gja,0
w5dmg23lkj,0
t908fs5g72,0
q0bu7d6jbb,0
is7ankigik,0
ptkcxgkwe6,0
j4mgvznk32,0
w55992i4yp,0
bc263ia9a3,0
by6j2f8l6c,0
jb3yzuyhh2,0
vxwhdytsvk,0
xxdkskaya9,0
0kp4nych2j,0
m5djeztf0g,0
6wcbkfkenv,0
wkvqs94ze7,0
75eoimnnsv,0
o1zvr8bxjd,0
a0ruwdd4l0,0
75z5jt9jmt,0
ynt1km4dar,0
54at0y04fc,0
4v1vt9t7nm,0
ttp06nf6o0,0
jopu95bg0k,0
thsdi9e09j,0
g1hjl9ua3u,0
s3gya2lkbs,0
61epzn0dfl,0
uczgvk7p46,0
kvyuusgagm,0
5s0jiw5lcb,0
e7rdmzl3rp,0
13l7tr9zsf,0
8ansyycrmr,0
8wjemizq7j,0
on1tvqtq2s,0
z1b1wyxuu7,0
eso2f4ubqw,0
soeaqov3lb,0
g2415gm4vp,0
k5doxa02si,0
2aivb4weku,0
zakqnyfpjf,0
tvcguiob4q,0
8acuw9pbxq,0
es444tvd7j,0
luu3plfxyg,0
dj32wwhrxu,0
dr1g4bwvbq,0
kav7nqh2ga,0
hbitotfhkj,0
go5p5xvb4w,0
cppzzcdltn,0
7ep8hgo50p,0
j2dh6uq7rz,0
zhlpm6tap4,0
gc1do8le7y,0
grzafm7om4,0
tr2hibrfn9,0
a4vnmj74lf,0
u6zbdnccs1,0
kwl4h62u74,0
pnxkrx5a9f,0
x36oqpxbrd,0
cuyn4sjuao,0
xe16budnug,0
fv3f3rgrey,0
w21qad6ks1,0
lhw5piiz5b,0
tn0bqtteni,0
e868jom93n,0
0kwohgke5p,0
61b1gchj08,0
lnaecf1sju,0
30m1ixt0ro,0
ht8gk6pqst,0
ajtgtmjr8k,0
a9uegn6mib,0
83x0oi28n1,0
v6iai7jtss,0
adva23pnpf,0
be2b2ana47,0
035l7glhcv,0
zo4vnlk5u4,0
ddmoqhke4n,0
uk3h343vng,0
s2llcgdsfy,0
3d615d4ia2,0
70b91da0ty,0
zs5vdwu9xs,0
vfsuws7uhu,0
bn8koah9w7,0
8etxroror6,0
75qgqrew4v,0
72s3f1r4mb,0
rk8da47y0g,0
txyxqkc7rh,0
whw4e43htf,0
19rnmjsn96,0
hgtdyllmls,0
gr18hv0952,0
k3ljhit6zv,0
rt3ofi5fea,0
iluj0hxquv,0
1ix3gmuq4q,0
4tomunbmhy,0
snma0rc82m,0
jh8o8wl77s,0
x2dy3ypet7,0
g1uvv7tf2t,0
778uphu23q,0
7268mas84s,0
x0ka9w94a3,0
ehbjrcpao5,0
4gvsqnpj84,0
bcwj4ejeqx,0
1k20jpn294,0
4ky3b9z0kv,0
7oiigand5j,0
3k3ol4wgn2,0
18tif1vru8,0
4ocve58n6v,0
eqfv6dar2f,0
z7u3s99u81,0
oeou01dwjc,0
2z2241tgno,0
01njfzidrm,0
8vk66z4csl,0
b9pvqgkhq8,0
ssg2pm7nn7,0
tiaa11qc6b,0
xdyijczjcb,0
ctn6qym73i,0
84j7ok1ey4,0
s9f73ai1i8,0
cmkuiis548,0
jc0us38xvs,0
o4855apylk,0
5hc1z9rf1s,0
8rk99g762l,0
hnabbzjt1e,0
lsxeaddl6r,0
tnpaagx7h8,0
7duwdn6pv9,0
gss486mgzi,0
dvl4wayz2z,0
ggs8ua1unh,0
xblh7504nu,0
7fvmh53rtu,0
komuacc7h3,0
ahj8am05kd,0
f41vlpx3n1,0
b3vi5csz2d,0
o17eml9gls,0
1d1sd8j91g,0
yq78km541k,0
r0j1at7dnd,0
znmgerg853,0
suechtgixe,0
srmys6pzbs,0
tfq8onct7d,0
syn2zosudy,0
feopfhzp32,0
4c1rhozyo9,0
gmechgi3jw,0
wi88uvrzuz,0
jb693bulk6,0
czjuhkft8l,0
jpnd0565le,0
3jrruw9ezw,0
jcvmmr5s9n,0
s7erqicsdp,0
es9wql0921,0
wd3beod9a7,0
m3nfon4j0u,0
orf4p9o2rf,0
zlr2dmenri,0
llh2vwy5c4,0
5la0th4bvi,0
oyei9hfthm,0
mhb94ojz3h,0
qvcoacjxyv,0
48p5wfhips,0
xlut5hmzo0,0
i63yu8n6s6,0
v0xjvggvso,0
36dh1gi22e,0
eo7ecni7l0,0
7o8wfwdnu1,0
imc4g0mv4f,0
fsz50ncolk,0
x41ownj1qr,0
qaxbvzr8f5,0
v0yh9635a9,0
55hzs151en,0
phh8ajysbo,0
7b3f88gyq0,0
9o51nht46j,0
isso75a593,0
a0jyjm2sq7,0
pavpke5is2,0
xfuh1ppc05,0
jn32ga10px,0
h138gt1i23,0
6cnk1z6cvi,0
4u6goiexp2,0
lsnv3rqdaw,0
xbwzuvc8vo,0
5luk97t2xg,0
ledlnumtbh,0
ca0r7f5e5w,0
0x33kenqhw,0
yb9e1yz57z,0
dzgioo0idh,0
mmhi9bgcon,0
bo587imz8i,0
ii8jcjaomu,0
17bgrtiwio,0
gzujbfbegh,0
l8vmlsn92x,0
mb5fyvjm6b,0
2t5ywik0dd,0
zl3l5ekcbs,0
lp7xyyk5s0,0
is8gaeig5m,0
xxn90mube3,0
pjohsznjrs,0
8ubxsl3naf,0
tepu5voko0,0
yr36jpjbzq,0
09rjk04a3d,0
jkinmfbntx,0
4r5cqvy21k,0
5cpd5qnnte,0
7gzuwshoyn,0
v6xxjhaj7i,0
ov2pmzlnh6,0
11qtaroh4y,0
bx80coevss,0
hb3f4stby3,0
wqv32xxfy3,0
91e8a083qw,0
z92fikq0p4,0
drnw7nyjc1,0
kgt9zw6qvz,0
70gfahxb2i,0
42rj7zmbrx,0
qfhd7d6d89,0
e5t12gx2zz,0
xar7pacdgg,0
4pret3upvi,0
7qnnm58lzs,0
u8krbmtuog,0
8bkz41ckks,0
5fk4ozym4e,0
w6a4ilqvh6,0
lnh5pkdr3b,0
lojwtw1e5g,0
o8b6fwd20g,0
vhhbky3lwz,0
6q61g8iyle,0
tve0w99brf,0
usef98uzct,0
4vvdri8cbs,0
tvtdd0eub1,0
8d967llfjh,0
x70012u75a,0
limuged7nk,0
zcf6nil898,0
4e57jtkvgv,0
bad4186e2r,0
omtybsy2hu,0
mnsn5uq55i,0
5q0uygh023,0
7lkzyf868d,0
pxiatnloiy,0
xgtrglm6ff,0
kpqv30aay2,0
xypmj59ter,0
ipq4upbz0r,0
h8try7cdlz,0
0wx1leach6,0
qur6lbut1a,0
pdbpc70ukr,0
bl157gpvdi,0
2sxj8zevrs,0
8tgxjf6l0o,0
fglrgjb6hl,0
yfz1kd4ldm,0
fvzk1lesxx,0
77h5vsxxlo,0
5ra7erd8yn,0
euh9x5zi3v,0
snbfr894qf,0
503qy1el0v,0
75sf3d33zx,0
12s7kaoets,0
1bq35nrb41,0
1hb57vq5um,0
gr17sefa6v,0
qjnzqslws6,0
tsamlj9mju,0
0ozwcbnk57,0
r1g5xvx8hw,0
v1qgzkuq9n,0
sypf36m2rf,0
m3y65v6yxb,0
czp9ydg7ss,0
ug7ow2yqqr,0
i01cikvp73,0
c2mf22c5s4,0
knehvsglvu,0
muvn3g8ips,0
q7uac6nnlt,0
fe7wgaeqaz,0
l91qe1pbpf,0
es8g7dimkt,0
j5mi9lsofh,0
35xwl9pvj5,0
v4b4ixka0u,0
peckvb0pih,0
fy77wzcp9z,0
zaon30uxqa,0
1gnv5dqbcc,0
6ff41enqx1,0
k3vnh1chvj,0
u72eosx8bm,0
95qd8cw13t,0
hk5r9l0r4q,0
g91t0yc3o8,0
n5w9epih0z,0
rmomkx77xh,0
n4bxqfw8xp,0
23bvzm2ofk,0
gjmijn06fn,0
cb7l16ed0v,0
po7hhioil3,0
gfp3vx916w,0
00c4gq2xve,0
fzmwfd5r0w,0
7wahw3l3sw,0
npp1fqywv4,0
myzaw18cd2,0
y1iq835dhh,0
2grfh5l7ya,0
csiqt3sl0n,0
749yg4xog9,0
wdekdo0xbi,0
i3nm9x88ce,0
skmfwj73k6,0
93e7admazf,0
qy238ctb39,0
q3duorppsb,0
1frobnu3sg,0
dhn89i7kv6,0
yjl1agtbz6,0
5tek0g4c3q,0
r78qwebb7c,0
hi8bjk64mr,0
3nefuihiuk,0
pudhap1gd3,0
a4ud84q7cc,0
r9rgdlw5qv,0
a0ruubjigu,0
l13l9rgd9e,0
rjmx00ze49,0
vvdy0jfgoy,0
uiqqxjoto9,0
opua7kdvnh,0
pwieyqw9pr,0
ou78xpkhvl,0
974jugygxw,0
klfnz53vk4,0
yf8jnbuo26,0
02lllz94th,0
8vigqneade,0
47awfc2x2k,0
cslrq9gbom,0
7nitwh0xyi,0
m5ptyif4u1,0
ewhkim9ee3,0
effjmlt0tb,0
bwl2qq45ut,0
h80k97x7gj,0
a2ytjpxpps,0
e40gak4c8f,0
xr60jwezl9,0
2ccnqrnf3n,0
6hzyvgr2l9,0
0amz227cwf,0
20kk6my3ue,0
j75niv5px1,0
3yxd0kz7hg,0
oqyd25qulh,0
e1xhcdnl55,0
vh06y4m07c,0
tq48zuxeae,0
ogq65b49ml,0
v4lgj5t1pe,0
l8etoij72g,0
4tmppuvljf,0
5u8xcekhbk,0
l7n29cmqfq,0
ud16n6pzgw,0
75itowlfzq,0
j7dg2977hw,0
gr7e4vtjh6,0
ghubm1um61,0
smcptt1qpn,0
f7bmfpog65,0
fhtcx6m6vu,0
t41bt7o39u,0
wouxaknoa2,0
rmmefbzd8t,0
szx9t9jnqv,0
rk8at9hb4b,0
iiitmrn2m1,0
1r3t7761ze,0
15i966chv1,0
fl0en3rajo,0
bteenmoxuj,0
kul8v4qazj,0
dhgtvm35yg,0
kc3xz3708z,0
rnzl2fm4j4,0
bvkez4itih,0
5ogkrlaejj,0
7vmq8mh28a,0
vw6v0x7ucg,0
u3q2z6ydax,0
8mfutqv4s4,0
43bhqgg0p7,0
cctuh0q4vn,0
f7qttaqtf9,0
yuwe1zb5pg,0
bd9845vma0,0
92tbwbahuv,0
dcy2r2l9xx,0
j9w08lfzhg,0
ureo5ol1de,0
s2veh29sul,0
9g8xuzszo8,0
wcsf2p79o2,0
yyv9t1y8e7,0
66ii9mxs81,0
apb7nj8c62,0
45rxv9txex,0
h7dxb9sg87,0
p9a4ptn31v,0
55mrmybw89,0
6o7g8ch0a5,0
qwse6c2k95,0
pf889ratsl,0
08v85o7scy,0
w7p6t2oniv,0
q6pmn9hc6r,0
tfxo2cnpta,0
vocltdrwb5,0
vv8karrvw4,0
gfy34pz08h,0
elri9zvg2u,0
bxogzp69uj,0
b38hkbkm1c,0
tlm162rvw7,0
bgcnghdv12,0
5m30mas10t,0
md371x11o7,0
44mz0kp7wq,0
f7vk13mqrh,0
ejh9ahhaw8,0
cl0pdpkysw,0
562yzwaarl,0
vjtzoglkyx,0
umv9q29fnf,0
z3r3g5thu4,0
sgivd7k5bk,0
2meuqviqh5,0
z0331eqvv0,0
urx8rkfpxc,0
t7kegokh18,0
fsnnnebs2m,0
y9fxqel4or,0
quyip5714s,0
67y8s9he8e,0
70i4eabeqr,0
kws3kif3vy,0
o2b7w78f7j,0
copictrdtz,0
j4yxgj26k2,0
xahjagztch,0
uqs1s3ewy9,0
axsa10jaaf,0
udv83g0h37,0
pk5o48bqhw,0
n4f1lb7qc7,0
s6ekkaq1gc,0
rrsfqq1i0x,0
5oa55t3bpn,0
f0zlpbwapq,0
r2i9gf4okp,0
skuyyeq3sr,0
y4c6h5pzm1,0
a7x1977wkq,0
57vx6lp90q,0
haj7szf3bu,0
8lm35dzdcz,0
8tdxh2mndf,0
l54unut1gy,0
1unz3fms8h,0
owshzobogu,0
be9r4ritw4,0
t3cie78fpt,0
wh2hb8d5kz,0
adyl54vu4b,0
i90nzp535y,0
dkdy98n8sv,0
rvdkcp2t7q,0
tnu80sg3rs,0
ehosw4qvmy,0
x5fiwhad1p,0
gaukpixsld,0
bjxw58obpp,0
50a30r7rxx,0
3mebb31z7o,0
8gzwaib6st,0
ubnvkgs5m7,0
bnkx60t9uo,0
lpsf4rdwd0,0
az6nyw4tut,0
eri87cbkj8,0
po5zle648l,0
m015xgxgsr,0
fyz9mlc6ki,0
5u8v8j310w,0
cc3ygwrw6u,0
mb9zxt11xz,0
cw79fq1s5k,0
ncve1q43z4,0
7j3scm221a,0
7uxn1a70kn,0
2w8goch34r,0
jixug0h9yg,0
pj7y7mmlsx,0
glvvcg7qlh,0
bpn6w0afz7,0
ysnmq1ebno,0
n0lxcl1pm6,0
oij6x2qcbw,0
qxo1mcxbje,0
grei1mu85t,0
simsrve4s8,0
7x6802todi,0
53eacglrg6,0
pqat8mzx9p,0
lm7mqp69jx,0
34wywgyfde,0
td80p817dh,0
zejkkrii4v,0
7ckmf7v49o,0
thd6mhbfc8,0
cslw63qn7w,0
uz5pv3a0au,0
i60pgvu12g,0
9crt2vfimp,0
og5zwg5mf3,0
kj1zvurll0,0
8evp3qf6oo,0
eysowphcu9,0
ag08tlh7ia,0
d5bykafncq,0
unvlkwptsw,0
8f4qjs9ydh,0
b635ewllbu,0
o6lhh273i3,0
cx7xup9jxb,0
1f1zxhls0i,0
2e19be8by3,0
c17x63xt88,0
axg7qiqr4r,0
sr02rzxw6g,0
z7e7ixu78s,0
9x2rvatshz,0
p1pr4wyy8d,0
m97slhxr8j,0
0zihj87s76,0
0nq0ve08k7,0
596355ak5e,0
csb3ib5x36,0
lum2sz4bj2,0
rcxgb0udyz,0
2lei7fddk9,0
xaddmy94x2,0
h0k7mxtq0z,0
383tq1gher,0
md1lqjdm7j,0
j3qiqwwywz,0
up48n9gdzb,0
3fyn3yocsf,0
nckoldi8s7,0
m859tfuf7p,0
blxp0tpmg5,0
w4fnipfpcd,0
7jg5cgunsc,0
6iskgustan,0
dvxpr03w1r,0
rjtqh7cdcm,0
rlau95spm3,0
j4tcrb6c2z,0
gu17drkyq2,0
huxwlaclrf,0
hqnq79r0sy,0
gcgnz488ct,0
6oo3gdm7lm,0
483oumechu,0
f7ltyxnr7i,0
ebg5icnkj9,0
a8ji0c298c,0
c1vz5yx4zc,0
h0tgn1xh8w,0
5cy0vxohda,0
gf2afbkovt,0
to945euiuq,0
859jtavuty,0
vb3tig7nmi,0
ql36i7wsoj,0
zkkiq5w40q,0
wp2grq1so9,0
9dd4dcxnft,0
moahtfqm9b,0
875zs636r4,0
eckkk6nhkp,0
z05tm4b8px,0
1yokxzx2jt,0
f5hws9k844,0
483def8hnr,0
olzxyv90x0,0
5f3veymqw1,0
d7d1gnxdfn,0
a8jty1ci57,0
zo9cxdn4yz,0
pfr2lu17zl,0
jd91iiw3ff,0
pfcno8rtyu,0
9ato0okpr3,0
n5t3c10xm7,0
5bvd2gni8r,0
c826c5gyo2,0
464vb5wuov,0
hux86e5mid,0
xmeq68jiul,0
mzv7289jo3,0
b0fr89aw15,0
8afs5ephfk,0
nw4f6ywj9d,0
q7cluhj5gm,0
w12owa80hw,0
ca8vj36cd8,0
p7wo5dou32,0
xhel089exn,0
z1hrponx75,0
bo5794ls5z,0
gtiedgw64b,0
ejhv85c8yy,0
im9j35c5e3,0
klu405fthu,0
er2d9j4tpg,0
0z0p6ag62v,0
lssc5iw4uf,0
271vfmcg22,0
civoitkvni,0
n26ya53sv5,0
vxt2i9927z,0
tfz7cn17cu,0
o11sh8xjph,0
mbru2dj3jo,0
d53zk8b70b,0
xks0nnk9dp,0
knj22h0xw1,0
vak6lemxyt,0
kpqseccscq,0
g7844j939s,0
nlkisogwty,0
sxkm927hzy,0
s415b6ayuq,0
5hakmtaxmq,0
9bhb6acyc2,0
h5y8yy012v,0
jrqex3rcsd,0
0u839y7t1x,0
xok8g8m2pr,0
heeh6i7c9j,0
l8hg07ed1d,0
4mzfbi1t7o,0
tp681tecb5,0
zwe4czbw9i,0
dnz8n8ef3t,0
4pggpafrgs,0
wy920u8kd6,0
219i291gln,0
wga9kab2cl,0
q6c0lct8ec,0
ot5njxq177,0
yks2pq1ml4,0
rcqp5kofbh,0
4uic26nww9,0
bsylil33uj,0
gl0gkt4dve,0
6s4h6u5lua,0
5v7e5fv6c3,0
yde5o0gxbh,0
2dc4kwhbpu,0
1xwkwaqlyv,0
60meh97qiv,0
rq2coa4e0d,0
zbkf6ecmnk,0
nfha5lwjmr,0
qfka4gv3fb,0
fwcr0p8otr,0
c7bmawlnqi,0
hibtcas4el,0
o4lfm0prdx,0
tgsqhbpu6l,0
51z5otevrs,0
den1p054k0,0
7mgzo2uqvy,0
xebzksib0p,0
e1viyrhika,0
r3jo3g3xuo,0
64wg72m8fh,0
flb714ksiw,0
appi7d36kf,0
vxn6vviru5,0
77cda7g4mv,0
0ucgdb3xkw,0
w9ukdl3c3i,0
ugg0lw0m87,0
s06ama5i0r,0
dxvbvduijx,0
3g1jki0tcu,0
ijzngcs0dl,0
mzgl4pwqtu,0
6g5jipttaq,0
mo5l0nc3st,0
w1po1pqc89,0
610e6mz4vl,0
c2ro1avdj0,0
c15nl36sb3,0
xkqi8ik233,0
4a2jgruxnw,0
3kvwzgvs7r,0
1fq5mv5hti,0
bb0ou748zn,0
uto8edtlew,0
v1pka117rv,0
72eiucdfb0,0
38st9zg16n,0
zlku9x0age,0
5qmsbd52bn,0
46q0a7wc63,0
4f0ivb8uat,0
yj55r9fup6,0
8jwxx3q1sq,0
379y82xhbx,0
a0ubplqfmq,0
jrdb6mxskx,0
n9rlbpc1gn,0
nzsixxgwfh,0
0xt4j75wt1,0
twbv3numvh,0
10sfin1ae0,0
ayvyta2if0,0
xlaox5t02z,0
sybxcbana3,0
8d0p9q6ul8,0
tlcztm434s,0
3erslvaaqd,0
rdn6zh12ec,0
qq1zp8bvs2,0
jpbx1tw6j9,0
cpgrhupqwf,0
k54sjrsqv9,0
l2krj4cimu,0
n9uva0t347,0
mnfvgkx5hb,0
rrohebbfn3,0
sx9u5ct6zj,0
h0f6yra5px,0
oaic7pez0y,0
t0arg1z2pd,0
dzo1rxeuqh,0
2cinmn7tgt,0
7omupoa5ug,0
gd7kia8wzg,0
pfkp0zukc9,0
ny5sazs9co,0
b6x5gn43aw,0
jf6akc6ir5,0
d4636ja3yv,0
ifo39zbmqn,0
jqnc9agkfq,0
pfq979xxpj,0
zzozbfx6vo,0
9cbh0e87yf,0
g5mk8ql9za,0
24pnmssu2b,0
ujgm1mkpy9,0
jdjuzs70fk,0
uy3cegoddt,0
jithjr9nud,0
otrw5sorab,0
w9xfle4lbm,0
f81g3zr2al,0
9t4uc82yv7,0
f9w07q3zq9,0
ub6n04rl6w,0
tkdn3gwli1,0
03980io5el,0
hbxzrzik7h,0
62ntbooz0y,0
q5gt3hsh9n,0
vj5jmkmdun,0
l9gvjo4x9a,0
3abu0rtmkj,0
bvsvzdzpwy,0
hpsjbabhxj,0
exwtoozucf,0
yetrn3fxcu,0
4pvp41uwh0,0
wgerkg5mn0,0
7luw66j2dm,0
zs3pga1mmo,0
d5e3tncws6,0
h1bdkhqxke,0
728x1sr8vl,0
nffaspxahs,0
afy9snpuzs,0
xisrik3wjw,0
b0zhn9npz6,0
ks6xu2glo3,0
nakz23r69e,0
bk33rlwhcd,0
h7nlsd10ni,0
wqzawxycuz,0
om3ooo3ba8,0
vstkuhkfni,0
wr33y2ebj6,0
npu03bi6af,0
6hbbsh7oco,0
i3jckfgsoo,0
jlu92qc1sk,0
t8pm3psk30,0
0p02ljw1q9,0
zup7b18cya,0
nril0f2l9m,0
byd2l5v4q5,0
zlqqmx42hv,0
ud5sq0a3ho,0
qsdeerb49o,0
hsfbzzuy9j,0
054wt7dtcn,0
3h0ekykcig,0
wkmtp5d6j0,0
n1dllbne3w,0
22is0rwt6b,0
9153h3aauz,0
sw3pm38wry,0
hh9xdofv8q,0
pncx88w2op,0
mq6u0owxoc,0
3dv8ygnqe8,0
o7lf9qv5yb,0
gh6lkgoy43,0
x4w46cvuqv,0
l5dyzx37xj,0
zna9lrl5p2,0
cgpkfhji3g,0
5j6opbb21l,0
p1cpurpl0y,0
toefl7btky,0
gownq63mck,0
unjdifs729,0
x9xyaoout3,0
hu90vs5bef,0
ieubbn8lqc,0
0cp8d9rny6,0
osrgo2jfip,0
hq6orcnex3,0
9logizeoqz,0
8cqfv1zrdf,0
3r24o5f8p3,0
b0usxnwt1w,0
7zl4mc4qz3,0
qgw1rnobp2,0
by1thkxsko,0
r64nip8ele,0
l24bi7n2hm,0
sc40pmnadi,0
a3jr6kk2da,0
t2ofcql83k,0
j6ykvangqx,0
gmkrrj5fnk,0
q2un27r7pd,0
fkqroldp7a,0
fni8hauaf5,0
w03d5wxse8,0
fd269209cg,0
mehro8xzh7,0
n0jpqkfp1f,0
c10cspcgyb,0
22806d70ug,0
viffb2oz71,0
pzh2sidva9,0
1cku7dzioi,0
cgmu2y17f9,0
uck4oy3h7t,0
l3vtqur9h2,0
zqmk2mozm2,0
5bx61l1wfa,0
752yahlo1q,0
22589ydvng,0
7bf04a8dvx,0
w5rlg2dku2,0
7ur5c3odj9,0
e2crswqh78,0
imy4gxmpxx,0
ympjoee20g,0
osm27xzxy3,0
2a816ddoku,0
1819fjz9ra,0
cu6c5o64ho,0
t91aagfehn,0
8yn99a2eqq,0
2yr89jq28u,0
s47a06ll5t,0
4gcanqf16r,0
f7h204wzfz,0
n34tumn1ny,0
aiasr8gjjg,0
mmsf8sztgk,0
2titfrcyyv,0
a3pd3lg4ri,0
yh290ir7qc,0
l5jaekyg2e,0
b3v8bqyyex,0
hdsybzak7x,0
debf6gh81q,0
1uyb4wbdvm,0
8pe5s3wzr8,0
m719mrh044,0
vi1mugy1wf,0
ar0y17ecvs,0
247oljot71,0
onu2k0bq7u,0
keym3a2h52,0
r4hcwa25qg,0
i5aa6wh1d1,0
8fufud99fi,0
kbo3jarwdx,0
0asewtwrb8,0
qunn9yuzl1,0
lihqu34fnq,0
jvvymm3o3y,0
uvs72nbuqz,0
m4cxdtw8q6,0
j0f7zbzrbv,0
pjhbzjs0iv,0
v9cnku1axu,0
5uj6oz15u8,0
2mxkhxyywm,0
q8xrzfuid6,0
aznk13ph1p,0
2gyictlkly,0
7yvpuqz4ur,0
y44mxwnahm,0
17tvkp7b3t,0
5p12hrp8m4,0
yvpk1h9brl,0
viin05xw7y,0
inw4u9wvul,0
jk5iwr07sz,0
0ppm53dfdl,0
ayxnw7jv15,0
ijzpndwvtd,0
m2v9egnf7g,0
il5a9lhqub,0
4kuewrjtfi,0
fzu2oq2djv,0
cwjosffkdi,0
4bl6ifny0u,0
pjxy6y4u6q,0
1j8nkwzg15,0
uteyhuwcds,0
x439vp8nsv,0
w1yjqg7q0f,0
mtuwye5ygi,0
vwjhclzxsm,0
ylkwfvwqcc,0
b6sraopnsp,0
i1agq184se,0
995iq9f3ht,0
mb8fvd26re,0
vnn2lygd8w,0
pyugvp44ps,0
cdsql83zto,0
w8mj1c4jga,0
0gf7tmkyho,0
cbmmv0rd9e,0
l2leqncotg,0
1xqq44v43l,0
5uxbkmls20,0
2xf8kg80dt,0
ls2tgzow73,0
w8lo4e37mg,0
pzylnmp4ai,0
l6mzdh8260,0
8c2hwudngk,0
2yc2qopgzb,0
s1cvaj5ujo,0
ppn4t93qya,0
a6quf1k2se,0
xh9nl61cwm,0
n864sdbyxf,0
ijy8qcywle,0
609nlqtn5o,0
vsxh3mlb0e,0
s919ilrn3v,0
nicwcpeh8u,0
x4vf6z1h3f,0
w5mq5bczv9,0
fcaaolmgws,0
nid7kbor33,0
jdnrgmiblh,0
5zzpx9ou78,0
2jcxqmbmv6,0
j5onvyynae,0
p08i1vutxk,0
jjh9pn6w6p,0
v6eyi7do8a,0
5u5ey9o0b3,0
l5b5t8l3k5,0
17tpave3wt,0
v4d0gpab9s,0
4ji06tvzrc,0
f8qzcl5d28,0
9whpiv9cx0,0
li348swfim,0
571bj0zojo,0
l2766gowug,0
220ccj1qms,0
5vxthpkwss,0
61hncxwkd8,0
xh3anmrt27,0
c5t97sqeo9,0
aqbrq4utmm,0
lfr8d662ur,0
1xn6js9neh,0
4dmbh6f8sq,0
bo02h9nloa,0
k4iz015iiw,0
r8wm2a4rcu,0
40zzgx9x15,0
lxh1gyutkx,0
s81bm79jm2,0
3zvlyn7g5u,0
6npq5fn8dg,0
3luah7of0i,0
qjb272mbh0,0
9zwdfwdwfd,0
8e45xfisc1,0
fxdc6dnep2,0
k4o3x7pv4y,0
zmyauer33o,0
3vogu0su6i,0
z3crzqo7l1,0
18mzvk1y71,0
hk8k921hqb,0
njqmmns76l,0
vj00sh505c,0
oyfe51w5rk,0
txiuqcy6ec,0
0npqj6fkk1,0
hwtz4sqpjq,0
5hj6uy0wbz,0
h2hem6ywwh,0
eptrtsx21u,0
plon9mg2a1,0
ekg5dca12a,0
u9ckpvemzt,0
67aazvthv8,0
uxibm0fgma,0
jyjtzlyxse,0
e8p2ctevqp,0
pg2eut8k9t,0
zcq6jsfvsf,0
a9tny6biov,0
o57s48k6lo,0
n8upqf92sg,0
7smxzicbnw,0
8q2os6qgn6,0
arb9sv6qmp,0
70389b4cp8,0
ofco7cuzk6,0
ql9d1j4dpd,0
qwk6oxe8dc,0
5ly1w46y5v,0
3zs55i846d,0
mwq79cx42l,0
vcmogj2nsy,0
6cg4gelvos,0
1mfpcbk78e,0
o6oyfu81bj,0
427yphrxds,0
18g7aat1bo,0
wpw2b18ivt,0
ex896jzsgl,0
hu26qmrml4,0
i4lplekz24,0
ec1apb15nq,0
gyvkeez2t0,0
6hs2da27kb,0
hckha565rf,0
q4fxy8nqlq,0
dalrmx7q0b,0
hmkdstftqh,0
k4357s5g26,0
4qynmbmv5k,0
5onosic518,0
miqy7sh55v,0
xpv2klmln0,0
8fhu97t0vb,0
bbkerf2v2m,0
9ff7ig236i,0
o4kylhzsrp,0
2j97lr0yjc,0
9nfdztmcu0,0
ftbcbpfiu0,0
vbkm0ckv07,0
mbt3m7d19k,0
5sos6pl4lr,0
haku3zmt2q,0
z0pj2owo5v,0
769j0l8am9,0
4toblajygn,0
9uvfs5qu8k,0
juxj22e90t,0
ghdtzfv755,0
i1cyxw6vzj,0
rogbpns12n,0
yavankjsjn,0
9w5ds28awz,0
88npwqnc9m,0
zjm99qr5rd,0
b3td1ltnxk,0
6a3rq8rzxk,0
idsw47i2zd,0
ws0xu3lcdn,0
3pfpaewvu9,0
x0diweuisz,0
a4tnc91nba,0
0ujtzqtnlr,0
r0tizwqehf,0
fpicu7rxb9,0
7twxrnqueq,0
0i39r2vix8,0
ald4dlqbj5,0
lbnqhhsj1o,0
xuc4rhut4t,0
a26tfpr4jp,0
trdquyuhur,0
hr1w5yd56d,0
v9uax6kdje,0
hqszs1oikp,0
ouxrt6ldnj,0
3y68gsw5qz,0
ch4nxgf76m,0
dkm9k0aecy,0
5pf665j9nn,0
60k7z1rjdr,0
62t01wxftw,0
xlngfigtoa,0
cd4znohn9i,0
k6saeuoibe,0
5v4ip8d9wu,0
zji1nplz50,0
wothneum8b,0
gxsw9dqa50,0
ccibthnv13,0
txummb9qbg,0
jophcvoic5,0
h4n6w858jd,0
1qhat9ynts,0
z0nv8mzx8i,0
08bpe4oby1,0
epeqxqwd7t,0
ghe09ybu62,0
tk7iz458e4,0
6gnm14104g,0
htcqb7jepr,0
f4ohii0xub,0
fp9tn9a3z6,0
l6ibkp3yp2,0
ckfhfeq4vl,0
iibs2rcln1,0
i69nrxhdfa,0
nfba4i8oji,0
ay8beet6bz,0
wzpemdgjua,0
nzpmc45cbr,0
6lq9mo3k70,0
s4kap08781,0
f0xymj43dj,0
4jrkyxm3jw,0
n4uin0n9ue,0
e0kg8eak7t,0
67ng93bbp7,0
qyfnihkdxw,0
tqalaazmqe,0
rug8m6x79i,0
6z0ev5b6dj,0
a4kd8zzbl9,0
x7d69mmw54,0
w9fbmpygkz,0
g1ri0ja6gq,0
sznfb0f2r3,0
so6lhmkmj1,0
n0xo7nxbxh,0
qnuil1oebr,0
t67m8z0qv0,0
6hw2ul59o6,0
q31qhxi6eu,0
nhixdijjf8,0
tek2vkmaqb,0
5rc30oooae,0
ozevuq1qr5,0
gajay9kkw1,0
0t8s9weox1,0
kk1a100x4w,0
264op1n9fw,0
vpw7zlccno,0
fmvtebyrpw,0
a6rk29bkpk,0
ikc1f4pdld,0
nirva9fnm3,0
utcrfwketg,0
u1rqzu99bl,0
5ifsbe5ggk,0
1f5v9xvji8,0
7me76emkkp,0
2sxari8pkr,0
ivjv86j8q3,0
jg1fl64jc3,0
np6cg5kv7o,0
xxkgq0cmkt,0
peen1mupy4,0
vbialt2y91,0
0v940w4ye3,0
pd0ayit3no,0
hoi6c46v7k,0
klisagmwt0,0
b01wvlk496,0
yruvi6p276,0
ykbg468l81,0
zea5q2l5d0,0
8n0tilptpu,0
dfb7grnblv,0
q1pgdhxrl4,0
i5t8mkfx3p,0
3rz5fa59se,0
a3sza3kfn4,0
gjexx06shl,0
b60br0ediv,0
e1fvpkub57,0
46q851ql9u,0
cuh1wpx55w,0
qq9omkjy0d,0
joxq3xb4i7,0
m2ybret53m,0
c99410vuiv,0
by02e7b6ah,0
78te8yalbm,0
uk9802zmgn,0
5bm70fro94,0
vvven8essh,0
yzlrv7g5ei,0
w4jtgzj6yz,0
zz5ssy9o9n,0
z6sjp61my8,0
489w05s9d9,0
8inf8d69mh,0
5b002gr170,0
4yqdaaah3j,0
iuynlzt6lp,0
5vmzn5nh5d,0
sg20ydlw0n,0
c71znvyx9a,0
bxtnlk76z3,0
811z5nqx06,0
mw2lc7i0nj,0
k77k1wwhs6,0
7mrih6c06i,0
kgdnonfklq,0
at8n8rc1np,0
f6wut126sm,0
b363jquy93,0
ff06t30uon,0
e5lebh8upt,0
1axc0a9gbo,0
o4jhuxohwj,0
jb4l7nowf3,0
nd3027tkok,0
r4308a59dp,0
fz9yunldg5,0
y7b5kqciya,0
asmdtsdxl9,0
8m9o4y6z98,0
yj1mw22ck7,0
utzh3snc33,0
7y9vm23asy,0
w58e1fn79o,0
kzslzsfrpd,0
n4otac9jel,0
j45x9pl140,0
irj1mg2b0v,0
qzkcschgn4,0
yjx8o1qobh,0
wgn1zkf9js,0
jfdnglop8b,0
c7ctldx0jk,0
infhj9lkqq,0
360wm1q1wx,0
vg35s4khq9,0
k1f0zydmfa,0
27q9vyj3e1,0
ncpxbmhmia,0
7bzgwt4mcv,0
0e9phjbsqt,0
o9y1h81vyp,0
syp49mt83k,0
ksdq31wsj8,0
qal2tzdnhg,0
31rekeqgqz,0
5jrwbcleo4,0
9qab08q877,0
ewhc9u9o05,0
f62n1con5m,0
926c5h8q9u,0
1klhppe0lf,0
ed7ixs6v23,0
5prqkdkcm2,0
uy2psam29r,0
46hlfjyuc0,0
ajp0iu5vut,0
huezem7qva,0
zavaln1fr8,0
88e6fa1mkh,0
o7q7znoteu,0
2ljlybhdai,0
74wxou53u7,0
vq2rtpo7nh,0
mez3erddei,0
wcmgz3wuc4,0
hs8f3cq9mh,0
d3bk40k2pq,0
iwzhdlv9ve,0
1038mdadfv,0
fv32frjemk,0
u9ggk72uku,0
d04j7dcrdn,0
fdolsx1lz1,0
6aztgnvd10,0
1y1t37pkcp,0
9d0hoy8mx1,0
l71sk258cd,0
qk4luhowgc,0
h5rb7aqcjr,0
9u9k0tgchl,0
20dmpfi1ey,0
py8kbjwe4n,0
c31rtfmtwh,0
06cc14ys1k,0
jrpyf0a3e6,0
ir0dyde85k,0
9sgm93ldkx,0
8ucolex5ha,0
hg2upj1dse,0
7ie4ffn52u,0
i4ajpqy64o,0
7s6r8iuz39,0
a48uzngohg,0
lrzwiui24a,0
ximbgrd7u8,0
aayprlmliv,0
utqw3fdrgs,0
lvxk7c13ty,0
banm6sgxs5,0
s69wns8ixn,0
tx3r8slwgt,0
ox3a6845pg,0
q3za89m1w8,0
orpun33u68,0
derro0zugv,0
hv9yf9qyuv,0
n3nzvm7ghf,0
tkd9rt1k1g,0
y5b8ivsbxb,0
qs1v4ys53u,0
zqlho3mh72,0
4aq4idvpow,0
5wpbdz39pm,0
v5c200dx0s,0
64fwb8qt98,0
skfmv50l3e,0
pkanr6wk2j,0
nar7ub8r31,0
w9phirslhs,0
dxfmzgtolj,0
l3077cowbf,0
65e6qddqbq,0
9dfwodunrz,0
53njj42t8f,0
r12j1zqu62,0
g2i70viawu,0
a0veh282g6,0
qbez8014sj,0
5idew76odh,0
ad8qyvj1m3,0
h8kmw5beqg,0
mvhwpohzls,0
r2nkfgxnq6,0
8bjpxi1wyw,0
vj5h2v2to9,0
e5jdh32hq5,0
9gw9oqa3h8,0
5mmtc11f0f,0
ecsr5zjp6g,0
92sqn0cefa,0
z2h5p7taej,0
dp2ibekwxh,0
hmcn9dften,0
qtle8rgnny,0
gxdnitq1lw,0
c8l9xdfox4,0
9icxeqdoxa,0
682n4f29ei,0
glhbqbpqxo,0
dacmhknggd,0
2pxd23utgt,0
98d1w29bic,0
6kxwz2e8iz,0
7hcsynihgt,0
2jjg62u70u,0
qs7eh3ggi0,0
2wlj1cqh27,0
5zm8pa79u0,0
89d2wj3pz7,0
c6l8n5zvf4,0
wyj1t7qx1l,0
fms6ypnrg5,0
1hx7ngbg63,0
pjyvvgutfr,0
avez1terhh,0
r04be56zuj,0
s2diow2opa,0
3d2dwfdy8a,0
gj924n1s0m,0
z2fnm2rx1g,0
6w11nsub9c,0
u2a9mjdo7o,0
w921tyrhlv,0
jc2rikis09,0
6030gibhme,0
al74pb9njg,0
ogig2dsuq9,0
19lv5gouor,0
tdzvbfuowf,0
oska3gj7de,0
liuqa6lx4q,0
glrt97nl7y,0
bseqx2jhwh,0
irb7en3ncu,0
y4qqyw1t7k,0
ij7ahza84c,0
1ssbgqaeb5,0
xa6bnj65ef,0
myllf2tuim,0
oils9505ld,0
p3wthfmkac,0
wn2mmcwwst,0
nhqv23573q,0
w2363tnr67,0
q13lsjntu6,0
rl23oy9ca2,0
7wyyarkq9n,0
iatl04mfur,0
9ev80uzb2c,0
ys8z5keow9,0
5fv8dhemuf,0
jclh98tw83,0
a67hg18igu,0
e3x5atdekw,0
t3pqyv68xr,0
p4fv2wefez,0
gxnpmcxcgf,0
kt1owhd1v7,0
rvz3erhiz3,0
3guzrdy18d,0
eiemwmco9l,0
6m7uhrw4g8,0
qzlwm0xcf4,0
npogtkfe9b,0
bxirtomxcl,0
gt4y1rzx4k,0
9p379p2qp0,0
2ee0ho70zn,0
0njr2lnw1u,0
1qe6leb6ju,0
w38hqxcgex,0
705g5ekypk,0
5hsi4dovat,0
g0pg7usoue,0
zvjjgb5m45,0
scvpc238m6,0
1716yicnri,0
hxx4a639vp,0
yl81m7nlyn,0
e5gkiz6o0f,0
b6xooll7gx,0
dbsrj0nscs,0
ojfhej8q5b,0
8tim50cx5h,0
loubtq1fj1,0
pg9aj4spa3,0
k6owrslobj,0
wkbo1q9q8l,0
r4li7ghr09,0
ryjcnavfj3,0
mloc85g07c,0
gtlbmlukos,0
nj1y6chiib,0
koz436shee,0
g3vprftetp,0
6p7lklioim,0
9zxt70453c,0
rbfalid22h,0
w6pzlcw053,0
uuk841qafa,0
u9iuytfs6l,0
nbvdujvvz6,0
xnm2im59t6,0
pj0chgt3jt,0
sdbr8z450e,0
dxc681ijet,0
qtvp4bj6yj,0
q75jn29kc1,0
9j86nnzoo7,0
xzg4mz79j9,0
1wf1josrxx,0
1e3zm4gw4u,0
t2ip260sr1,0
w1a2gmydgi,0
47c9twav99,0
bgyh3szwou,0
tpcy389wnu,0
zudtbybi9f,0
lv01jo1kmb,0
sc9jn22xme,0
gpcbhayvk9,0
94jb23q4bz,0
2qq5w43eh2,0
l8v5kjmbto,0
75kllyepw0,0
nr7qyizeyn,0
dgi5tbcxyx,0
jq18idhaof,0
iw21mxlq08,0
w80cl6lrah,0
m98ecp7mw5,0
1ri7lem7ic,0
jmhpmrk81r,0
waugtcki01,0
pm9bo4zi6m,0
h81mu2s25a,0
h85vvv1s8h,0
vfudd0m5vs,0
yzrg16x9iz,0
nauzl2bdpy,0
ni7uij63jr,0
shclecf0de,0
jpfymt49n1,0
qas5pv98gp,0
93uy53noyo,0
xom9cla51a,0
k2j4ikhtw6,0
y7em5ersia,0
bmbb0c1slx,0
v1yynvmczz,0
i708nhuiq9,0
v1of75dhaw,0
j0y0mefnkr,0
xmti8dueyw,0
ual0r85pkf,0
wtk3mg3xxc,0
6ogvxk37jh,0
6p1bgmqlq9,0
atj85svl4x,0
a5po3crszm,0
xlprq2h41x,0
ft5gbl1eu9,0
l0d521r5id,0
ziz0gqbowd,0
6gx3v9mbnf,0
ci688fohf4,0
pap7dq8rwj,0
rxr2jnyvb1,0
ceflarak84,0
6bec4oyo35,0
6cqjord80e,0
ocaee0e6dq,0
mam4thx52z,0
be71ejclf6,0
fvtpa8eta6,0
mwgereul9o,0
y2c3cgqd2d,0
uznkdurz6v,0
4oaltu86rt,0
nsf0pra1wo,0
8l5nxdz2ne,0
xmsskr0qex,0
k7q6dctncc,0
k45lznflpi,0
zg1472qqh2,0
kqvn3x7kw4,0
m3b831yf8t,0
ivuyg5kfci,0
tc5nc1bw28,0
tahc9y81f0,0
61yvk5gfye,0
or86kbju6a,0
kdwge0q0t3,0
mb8b7b6f78,0
y76deu8lgd,0
t9iezwqidp,0
q6sa7udake,0
ebz2cs6hsv,0
35njeac751,0
qo0a36ta5c,0
kebc0jmuxm,0
qw0swqm42w,0
aew4r0s47d,0
ykgv759lbm,0
d99mbfrka0,0
015xu9c728,0
ayi45u7aoj,0
0p8euj9x6j,0
nyi1volyb3,0
ytmrx9wes3,0
tldadbwpe3,0
eolj2er0ez,0
ciy06o9yhm,0
3flmq10fn5,0
z3an4kobt8,0
emmyx9r4gp,0
p9ntx1ycga,0
pn09snosms,0
xfwmv3gqch,0
8t399sccm7,0
5b5eyw0een,0
7xudi35dvw,0
zw6od2uup8,0
2g3ohfm7mb,0
n7u2e7579s,0
s4o16bycbz,0
fp3fc5xzil,0
bsaykq34h6,0
reoisqnxm1,0
rozf0vqdue,0
k9b0x2i75g,0
l7gj6z2p1d,0
qu76hs9xi9,0
8qqgylf89k,0
iwvclmvnun,0
n206yjdgoo,0
8fxkihrxp4,0
g0nof5qcnm,0
q2v7jdxsht,0
r4tsmehxjg,0
zxur18qsk8,0
ekcbkghqly,0
d2ppao07eg,0
81vvxj1fsp,0
9d84ui060k,0
xk9xxsnd1a,0
klv0kr4ux1,0
as3zh5u563,0
m9qarij519,0
g4j6khtr00,0
jjuekb2fjf,0
qcco7b18c1,0
v9e0ffdd0m,0
n3b3vr1dta,0
fwu9xjw0y8,0
o2xl52reiw,0
d73idxn5k9,0
mmyml02110,0
f4yj2d9jth,0
i9stgm50zm,0
spgg8sf3i8,0
0g80mojkke,0
f7iz186kfi,0
90sv9fq05d,0
cn39ke94pq,0
747dkwx7e7,0
pqw5pttp83,0
4wyjhxhcj7,0
vm40mr542i,0
dtn47yirus,0
jvwqegozy7,0
9xqq4wo6fs,0
tpnj9l3qqd,0
6ikzkenwsi,0
s81ve2ea5q,0
y0jmh7cawj,0
xi3vlowfu2,0
fyiis6wq8u,0
zo01rj50oc,0
btkf792lxk,0
pv4i0aeh87,0
pzy5bc91tw,0
ztbo4xgzv9,0
t3si5y7his,0
p9ygihcix6,0
awsbj47qht,0
5ae2623lgm,0
7yw2v403yl,0
2crah528z2,0
9a4vqlop7h,0
hdcf1sf23i,0
91dst0vzm3,0
jatf31er6h,0
lo57p20nka,0
u1ggd9yf3g,0
sf41w1fuu1,0
4m8cgl6wdl,0
umhnr26q9g,0
kpvzxikntd,0
gigi36wrtp,0
aasjix8esr,0
gjjcuu98fm,0
8dwm2ic8fv,0
wqr1et1k57,0
wajthty24q,0
vidmxtmw9v,0
m8734hdv1s,0
68lq6h61ji,0
evlak92k71,0
nqoqjdna53,0
l7qoal2y8z,0
b2hknr8rmo,0
fqhuaq4jrh,0
pmrut0puks,0
v515tyco7b,0
u3t4swbj2e,0
zf7tytgeq5,0
wlujq9m709,0
58fctxdy70,0
ioht5ufpic,0
pnqhup9zfg,0
1a8mkx9d4z,0
ypi4jmywzu,0
kf1rmskbys,0
4tjzdikox5,0
fo0x9lhx0j,0
v9ax9r5lmn,0
40beim4olb,0
u8jsh9ifqc,0
vispk9b72a,0
uvvekmmsz3,0
69o7w592j4,0
kwitmd5nx4,0
m0iatozk3l,0
r1igut3q3r,0
spli3w0wfo,0
4az1jvqa7j,0
diubntaqw5,0
2ibhgps3o4,0
b4ybta4h2k,0
oagdonha00,0
ade8lj0t3v,0
nbgkyp3sc0,0
i76bfg4hwv,0
ijuqjeebtd,0
j0xx3pn6oq,0
al3fmppirl,0
ac95qbb9nc,0
d7wgxnnr1a,0
i7y0ft4sfn,0
brodzf01ym,0
czdm5xu59v,0
19mzw53v11,0
x3b2v7xewz,0
t3kdp9feuh,0
ep5sx63mtm,0
jwy2fsunm3,0
5lu88jx8i2,0
0sp9lx2di0,0
q75x98u9rj,0
dj12x1cs6h,0
1v2ox9r1h4,0
lm2g49vg2g,0
9hzsbb4491,0
x3l453yvzi,0
oco3aplmz3,0
rz7cr1cd4x,0
l6c9xbv4d1,0
895nqbpkrz,0
5qdtzp3lun,0
xo3iv245kw,0
78vc3zu1vs,0
wc6huka3v1,0
bcjt5r282y,0
6m8r2m7r4r,0
nlq83f126u,0
zxghx7incs,0
thdkktnp33,0
nxgzxnrmkc,0
kz7s7zkhvk,0
v0fp17hlq0,0
rvsw3v3yq4,0
y6x3ud9ldr,0
c9ne05jxcd,0
21zbb4qxoa,0
h9sacroa3f,0
9pqajet4i4,0
7cj2zw7win,0
rsjsol23l8,0
2uwds78i7j,0
s2hfcjpdse,0
fi41g19rdd,0
65ja9vjw93,0
s2ohextdnz,0
t132lb3v9z,0
i3ke2ffqdd,0
ljg0zzxd6t,0
yxdk3o9oqw,0
ev7bni6u8n,0
09bbjan5wg,0
73gh7zqa1m,0
aue0aug46c,0
1964q7ii3c,0
kncoxpbv86,0
h31blyfst0,0
p1jhjqgtlo,0
3stw2yerv4,0
7050vn9muq,0
kopdufbfc9,0
dq8xgfjr1v,0
2n4eg2onty,0
54w9kc241g,0
hl6mhvuz2t,0
dd6iydbc69,0
rr4eve5h9a,0
e5uauvfphb,0
hhnwnpaj5j,0
h2crxyry55,0
mm8n7nu8ps,0
kntwl8ou19,0
h6ju2iqyqq,0
pxrn2wubng,0
qyi0zkftqv,0
qwbgfo2u3i,0
haczqzea6y,0
9ayvb2g0et,0
dkb94h8vgr,0
v2nxrw4el2,0
zx3mnpoaf3,0
xefxqno6su,0
k86hk0f6z3,0
hxjuiiz715,0
j8vg2j6pta,0
5j05njcdpm,0
w5efq8oc6g,0
v9bwuet3oi,0
o3otw2kvln,0
zjt32ec5m7,0
k8k6gu9jst,0
ysd1qinkaj,0
3merkvbstl,0
rkllha8gbm,0
2q2vqbo747,0
01ybcd5j0d,0
g19c6zof0m,0
dxnawcacl8,0
kmiraifyzf,0
ve0uk16sc5,0
t0lt8z6ckl,0
ojv3oj9yys,0
ho796mtfwx,0
5ib1zmss0v,0
r16g7d7ktg,0
pnxof318cm,0
pklfkmd5xy,0
8s6jlo55g5,0
w5k7kexzwo,0
40wsl9xyt6,0
q9ixu7o27e,0
pjr7zjrlks,0
wwrfync4xk,0
zdwzfwtwpa,0
v0ju5i0mwq,0
3ussc0zcow,0
xw3bo4dsh6,0
lg1wmeknmj,0
ap634k5o7i,0
zv0rl1okbp,0
qc8g39ztgj,0
riy6w5c2eg,0
syolruu7i9,0
8wvg8oebrw,0
bcfvaypv5i,0
0c5c8bxieu,0
c0fwprdsez,0
ss2xirgohl,0
6xd3loo8ie,0
u6ibunelkz,0
f078756a46,0
514bvx2jj6,0
3qj2upgo42,0
jnwhcs32r8,0
l9cfo52753,0
jbnllf1qxq,0
m1i9dwe8io,0
gnqatglsh3,0
ayyvv0mxnp,0
lj3fe58gra,0
84uy2bxpqe,0
v7wi17a7vn,0
uw2008gcgm,0
hmyq0ebdyy,0
f0g1v9j0co,0
xqdb4nn6wy,0
lyposv9kiv,0
swkt56pzk2,0
0374w4fhty,0
1amilor4f4,0
iyb2h2ey6r,0
nqvuysl8fu,0
a618enqzxy,0
mjn1y0774w,0
d8fcx51bkt,0
kf8vzkz5xo,0
s8wxcesia6,0
82h7l92x1b,0
j5lo273f08,0
1tkisy0x17,0
33ufrn2jk2,0
v0iidvnlbj,0
apt0b3e0g4,0
fj2egvyqhl,0
uz9l5brt12,0
krdlziposq,0
afvkl1lasq,0
7yoz271gtc,0
bb2pqetfdf,0
1n6tw1c12b,0
txwdwa81n5,0
cnxxoqqaq3,0
w0eh8qgk4h,0
o91q1kx9h8,0
ghocgq1jvb,0
ao9vu78xgn,0
7waepd006n,0
ph3nb5md3r,0
0hffn2j31z,0
0ducm0o441,0
7oys2z3d07,0
8w5dvetnp7,0
zzam42i3ma,0
d8dmp1pqa8,0
cn9nyat7us,0
ri64q8s1ge,0
s1xg4dybtk,0
vjuq5fjfa0,0
el466cjmfr,0
t5u99bteg3,0
chu2x94q61,0
99lotko446,0
0hu3jl4ms2,0
tl1jr2tkzx,0
9xzqa7c794,0
0znjv5opiq,0
el8kjrmukr,0
sx6q86s401,0
om3hkqrnhy,0
4p3va9pw8o,0
gv8gqpnlh2,0
z6sjptgzcz,0
v02k8lsda5,0
xp60sdwp4s,0
ks4lvkrpdd,0
8022lf1hyt,0
xsyjsje0ih,0
a15mv2y8gk,0
ut1pok4o2t,0
mhy4ijl20v,0
kfw64bdti4,0
szkm4yzgdu,0
lrf2iw4pig,0
6or5qxaazg,0
nlyezaducm,0
1k6r88d88g,0
vim0px91x0,0
gefdzo9xqc,0
zyzgcy2tj9,0
ucdsbp6peu,0
sp6bh50y0f,0
wp2zbuee0f,0
kxcd1nueh9,0
9o2a97ftr8,0
xvwbkbpzq0,0
g85t5uunuw,0
tdd5npddzy,0
pe9oyw9i1e,0
y1jgp8962e,0
3dpm7ox1e0,0
xs3dsfv6xh,0
d2twqmxu16,0
wjf7qmpl9g,0
dqoycskzt4,0
0my0ayxle6,0
n96zwg1s98,0
2gamhif8m9,0
3ljdj3p1wz,0
pdm6dudfyr,0
4qpabzk9po,0
w6s90yrfsx,0
n1u2u3oqbt,0
3bmbzs1a87,0
tbjxh5vqpb,0
ye8d8teulf,0
wk66xcn4w5,0
5v7a7xa9jr,0
bbzq051085,0
3fne9rfu95,0
ww72hl26tc,0
ss68lp1e72,0
mwm3o6883v,0
7ljd180pcy,0
hjrjcenbyu,0
5nf28qmymw,0
k9nmnxncv9,0
jl74l2b79u,0
gf7tsnl3yv,0
xcjo6jvzq4,0
o7hivj0fgd,0
uxosq0sv5a,0
exxzwl332u,0
9m5k54v9go,0
qxel9ki5ys,0
dhs20kbs2y,0
umnw8r175o,0
tk53hplaup,0
exsydhitju,0
xvdt8tfc30,0
nzi73dk5en,0
18bk9vbnb1,0
kmrqntg81n,0
n43xfzcg0r,0
vbrox956yk,0
ahv8qg8bxt,0
o1dwdmoz0u,0
35vjmoem3h,0
x6sy5j9mpd,0
2hyicbxxj1,0
wns4d2svi7,0
2ys4quki1q,0
xzh8eynbz4,0
ycmtntsnh3,0
ityolemqb7,0
7mg7e9l5a6,0
mb3bduzzve,0
fs2l279agq,0
u7al92fp0k,0
7mczl70gum,0
a53l5z7mcy,0
phk4nkt2p3,0
eoy0px1uqy,0
mv2qhlk3mh,0
gru0ftu48l,0
gjekejer3n,0
mfeozxwm5a,0
pisj4ctjjk,0
lilcrkmi17,0
gvsc34xhyv,0
g45ot65qxq,0
qzfcpwghwh,0
37xtjylirp,0
jxcd1a6apt,0
azhgel4u7g,0
mu7xhoxqzt,0
ab1funqhdx,0
e3haia2pry,0
tdx4ct6q3d,0
b4purbq0oi,0
jq8zjf1fw0,0
d79a3vscwy,0
dw1zj2jm8k,0
tiexz8z777,0
b54iwgqv0h,0
8b84ls4r1n,0
mnzjt9crww,0
f95hb323qd,0
seikzgcnc4,0
kcit3v2kq2,0
7tsi6nhgh0,0
msf65zjml4,0
j4ijb4onmv,0
zstj13lvvp,0
4an9gjbb0o,0
00tioyuw1m,0
qis7cz2ckw,0
suwr8djyex,0
iv34yt57fh,0
zqlc3qjxg3,0
3rxqschsc3,0
aqb1fx7i27,0
snp1dakisl,0
aceb5rjqoi,0
libh7vbaj6,0
gmtjyjp8fu,0
rcrek4j3se,0
nf2g7xgy0x,0
m0tr65t1ha,0
cv9znfx6nd,0
3uk9e6pulo,0
s5rt39rnxt,0
stk1n19yqs,0
rit176w70r,0
qj7njuv1hd,0
lsves1ypsy,0
juoo2lbvky,0
z1a357zyzp,0
kin0wwhgz6,0
3110quiide,0
i52tjkkwfa,0
vnin0fde5q,0
reusqcs97k,0
urj28ucbwr,0
j7guyzu1ht,0
5qwfeq326x,0
n79biq7ldh,0
gcu9xout3s,0
0pw2vfbipv,0
byzcfm9sgy,0
uievq6bznv,0
lawqnti1ig,0
bxmtz7o6ej,0
1sabbhtsqa,0
dv4o0qq0qt,0
no4whn8zhm,0
ggxhwtewt1,0
tr6xndybye,0
9nqmpwg6y1,0
4bo0feyn1u,0
h2w2gh4arv,0
p694ud4q22,0
rk5xmo3q5f,0
nsdsiwrzt3,0
justfdr2x2,0
bfw32u4ncm,0
gnvrohtlxe,0
3ucdtjpe8z,0
hqaigvpjox,0
8pgegadsly,0
0vu4skgr1i,0
afb4dkmvdg,0
8on7mrostf,0
lbv4j9pu0t,0
nxwa2vv7i8,0
gnt88wreir,0
paef5t4icw,0
7esljdhbxh,0
dssungd346,0
mth5tg8ugi,0
ojphiqg95s,0
2dcc0upqax,0
gvdsrti9y8,0
628h6b90wz,0
muhh0yi4d5,0
lb9xgvf27a,0
6y0a58g8i4,0
c43fb50adw,0
d01nex8g9x,0
n7z547av5y,0
vzr7c2x9mf,0
wn0j0f20fx,0
x2kaodsr8p,0
pmejgytw7j,0
upsv4k8wn1,0
w8y77nowjj,0
1xs3e46ukc,0
75ba64uaj1,0
odxm555avz,0
53yhm888zt,0
lghqw0pyoo,0
kq8iokmsm2,0
hlvc9avdfn,0
20vrmvsu4u,0
mn2ejt6upf,0
kw2cevh1fv,0
x8wbnhdpwc,0
q8wou30hg5,0
ewh2pkcwgc,0
ef8a4a47rr,0
osvcfqlgpy,0
mq93cblv4q,0
kj7pxs8vew,0
8a7bsgsv6w,0
hofzv53v2e,0
cq4j2h6oxc,0
o9cupj3hgk,0
dcqbu05rkt,0
77mgkjv6vk,0
fbp6yqrzhp,0
52eocgn1nx,0
k8bciut52f,0
seqtrvd2pg,0
ske0rrta49,0
drkky6phs9,0
g8344ckcsr,0
eu68u5s6v2,0
97y1fa0t9n,0
306w1i46oz,0
4npsdb6599,0
d51vv8f7du,0
0u3amehay4,0
vk95pme1yh,0
blu9dsu998,0
wkkk03gpkr,0
rnflb2uv5j,0
62tb1bmqtq,0
ndt5nqfi39,0
1x299q5giq,0
sunwokvsbo,0
h5fsk29gsw,0
pzyzjx7t82,0
mikh8yqt37,0
hguxnvpilm,0
cp0eaj272k,0
qktxgq5zy5,0
fmi1z8r0xm,0
1b0k0n52cz,0
1dbp1dizws,0
6qfxlb2lj2,0
vicf77zzu4,0
tk6endn8d7,0
193zzzr31o,0
fwmngmlqpp,0
eb5ik4lna6,0
k9bvsk6rx5,0
hoz31pndne,0
ld9aulf6yv,0
cs26shdkjg,0
vm73c04618,0
qdltryx8fs,0
furzxqnwg7,0
vdlb42nhev,0
4v8of8q7ld,0
lwu3az7vln,0
d181xcqpjr,0
1n8hvry0vz,0
dq8jg34c64,0
rbjjyg901z,0
dseesgnkc5,0
t7bqi8v4ik,0
jmt3qbjw1b,0
u2reqswk4e,0
cb32hxbspr,0
8s8fjuojn6,0
mw9tc3fgl6,0
afoqaipcis,0
mghsknyq3w,0
y069d0vs0j,0
lzkzni3aqt,0
72ylv3774m,0
nlq6p03bxh,0
4yxsci5gte,0
rkx9gkzjqn,0
kb4fl4y3gn,0
wz8ekhjwgh,0
itwuavxx61,0
aacq9es05q,0
v71qy2dzrt,0
ixlknro1is,0
gt3dwbd1cd,0
fbdxhjmvrf,0
4n603kuaur,0
r5jcr2f2dl,0
4j6an065sz,0
59k4xbhtnh,0
7z0ey4p43x,0
egyt5szdb0,0
70ygmgtags,0
axciyk7ccl,0
6a89nq91x2,0
g4sqg9nqrb,0
7u6ne6q6qg,0
y06kwbgd5u,0
tj6x0s2awt,0
5d0470jkrv,0
tkfrfc9fp6,0
4977886m70,0
atvy3tt4py,0
mlr7vhmpbq,0
3onk5u7ub3,0
m35htltg6r,0
g29mafmlna,0
nxyx2is1l3,0
ev7jkz3rj4,0
wrwa8l11fj,0
92cyjwiwg3,0
qzygzq8kwh,0
y772lpfib2,0
trbv9ywfmd,0
kex8zpp7a4,0
hclxvwzotz,0
lqidgtioqu,0
kadmq2jkf1,0
j0mhk9kokq,0
nr87iy6dr9,0
eu6qy3tk72,0
86dxkz5go0,0
m0ohuhkd3n,0
bu2rmlwmg8,0
jjilb1ea3d,0
r3wrmf1vgy,0
ql92d6njwz,0
sh6yjpuozx,0
jh6rrrca6e,0
t1435dz3fh,0
c45qx3jyk1,0
ol0rla2nbh,0
9h7o7p6s1o,0
905jwtjx81,0
r3wl7fvgkp,0
moh0o6gpyu,0
0aa799x169,0
t6m20mlxkx,0
02s6zlobm7,0
r0n19ivq6h,0
ulmgaif3i4,0
6sc3o0bgyk,0
oyu3qd415n,0
71qa19ji2i,0
j1oghsocjo,0
h32nq50tcb,0
hkwwbhlodf,0
q5pxzoq9yh,0
go1d8e0hav,0
s72u7zsaz9,0
kvpdujh3qk,0
xy4p5w3l34,0
wj2wlrk7mj,0
5msr3y8jiw,0
07i05izcas,0
hd5aig4i2n,0
133bhie1bn,0
3nji46r2t7,0
67h3m5esyt,0
j2tgc79ray,0
kl4g6yz4ft,0
83akihnn0t,0
mdv3cfcuay,0
ayjwg4ufkz,0
cqv7t8d2za,0
t5fwmhypa9,0
c5e2x6dlh7,0
yt6b7gyorw,0
edqlg7y2bj,0
tak6vv6a0u,0
h9eqg8h7s6,0
uutjt29oe4,0
psimmufi21,0
ttug7t1qwc,0
v4rxjrpe85,0
2q6ehi18rm,0
yu7qiwlvzb,0
ku5wodqji3,0
wg1m8b3ma9,0
6vwbjkvjf3,0
dhaub96jz4,0
8ljrm4ahat,0
o1982i102k,0
3sts2a91a4,0
nfgjggwbx2,0
ifeo4gd2rj,0
01zbdrcwbe,0
1z5109fafe,0
xx2w95sfgz,0
e2ciydexv4,0
v8e319qj3a,0
t5trkao51p,0
649u8i5od8,0
ijjs431jfj,0
lpi48k8wfk,0
v8l9u1jggy,0
xalmhtazcm,0
tkzygtq2vz,0
d15a4x23uz,0
754zbl4lwo,0
63o8wyhpjf,0
uurnzu8hpu,0
87lynkelzi,0
n8k5ialq4s,0
pehtfh37d3,0
elwjg2f552,0
6p1dsg4kd6,0
5gp8huhwco,0
ab9047jse2,0
l6uf58uiuv,0
gue9wc8a27,0
ykxlj2ar4z,0
z43eysnar7,0
s4cu2j7mov,0
4i8eisxwwe,0
jdxgna50ev,0
s7bkvapyy3,0
kputxsu1g5,0
7n8hmxs6jr,0
zkbh6fz1z1,0
pl9xdzv8sq,0
kk1v9ofb75,0
mx3shnzxx1,0
17a9sqk2fw,0
ix6abvplzj,0
txpechrypz,0
4g8kiz1bha,0
8u94ngc8gm,0
1rk2yi61h5,0
dfwgryghg7,0
962l2d1523,0
q7fbzxtn22,0
ypf9nqqtuh,0
auranllpzw,0
639h2cupe8,0
x5ucj4rrbn,0
strh8tp6um,0
jhp4hn8qdx,0
0idfgh9xtb,0
tcgqlzqzky,0
yjpfvjs0f6,0
blk9hr7jbn,0
gz60vlghpb,0
11oqaj88uu,0
d0o0209kbq,0
ucyi2n11e8,0
qbvctt2raq,0
njle4vyrj5,0
c63yofpidx,0
uvvya3c80w,0
xdefd39cdn,0
9lx2kkkkuv,0
v2mi0xzd4d,0
qhajv998rw,0
ms24yen02m,0
6l5m8o6q7e,0
gnn5tpqh33,0
qvrel93cwe,0
7vx0qhfgxc,0
v3eb3l3it9,0
ch6x9umbt3,0
waqboijah5,0
wtofm9ent9,0
cpwxptl2zg,0
s82sh7l4j3,0
si2q44vhq0,0
j7on5wlxgd,0
vm3p3pbhtu,0
wlc7jkef1r,0
oypelupcrx,0
qi6dst0q7y,0
wa1etm1q75,0
2afi7vg3ws,0
cboegwaseu,0
h26910sm13,0
4s0lemp7s9,0
l5j41z4nc3,0
w01us6a5m3,0
rqa6zwhfwt,0
7rh9kxh3fr,0
5nqzbgs9dl,0
b21r0ih06o,0
sdrvwrypxq,0
sb2aukpd4z,0
vkofesrrgj,0
8d88p91l4t,0
grdt94n0be,0
f09cs86yxd,0
wev03joxfp,0
j2s81vf0wc,0
q3xg4debcc,0
qg5yqtplqm,0
avfmml1tjc,0
tsg8w3cgs4,0
i3cgfth4t4,0
5ajfpneqd1,0
s66qt6v5vu,0
zahzdz881k,0
5jxrj68wuv,0
vyhlxhjx82,0
lui6ocp49n,0
rnfk3uxrjh,0
08iwmh17hv,0
a4r4257dmv,0
fo3221kxdz,0
i83brylzwt,0
uc8il5pcdw,0
tz5l752jye,0
xo7j4ql0se,0
4zq1jabwmh,0
bcg0rleytg,0
19pv2pwiem,0
cw95r9dt0l,0
5ngqqavpkq,0
5c57vzxuh7,0
mhpxlc7lhl,0
st74w7pk9v,0
djobwqajq3,0
f5yfoom3bx,0
a9kmfo1bbg,0
dfhnk5djvc,0
bx2rxpfzir,0
4d715g59uh,0
24zpe9u6oh,0
bqfyfefsi7,0
c5aumnibow,0
he4rlbb8dm,0
6q7b56mkf5,0
qcsqirxj5u,0
s93wmvksp6,0
qhoyq2cl25,0
6wb9vamais,0
qcoy6fvcfy,0
wwpp6sezmk,0
yc9lzckbmu,0
2kl0if8mif,0
hj0j7pgews,0
448868roj8,0
geik531bqt,0
arx28smnzc,0
k5xfhq9zjy,0
cvw777akii,0
o186gegr94,0
z2iocfgtdf,0
90nsnuti9h,0
y41loxwwyz,0
p3mewbm0tk,0
c6hnmgf5hs,0
tsolvc1vx7,0
j44q068er5,0
5m4phib9vt,0
kkve9dpduo,0
np216fwlwb,0
wd56g676sq,0
smzikvs9mm,0
62qrgpquf8,0
4f18rf9smb,0
bhqk16f9ii,0
c7tqnzcjiw,0
uza09a79k8,0
wejp6194c5,0
6mhqe8qwkb,0
6y5mwy4ch6,0
fixhv0vbbt,0
ek1tf7me1n,0
p50cy8fh8n,0
3gik7m6d6z,0
n17vdguc7i,0
jz7lvp84eq,0
k6y37iczrq,0
m1khmppw39,0
kptld6h7pj,0
lf2ga4gv7j,0
9acfaani7l,0
6rtwqekfwb,0
rkzvx9erml,0
1mvlvbb710,0
j9h05bpmee,0
e2zlj9313c,0
21it0cz56h,0
b4pbcykik3,0
z7k5j41104,0
7vcui9scsr,0
s5n2jk8n7w,0
95ug64ha6i,0
1gwgtgq87r,0
sce4z1419g,0
2axnovs0kf,0
7larupggad,0
9ow109ix1l,0
d3fg4v65g2,0
6uq1ue72z5,0
q1daf3874l,0
1u1e0mr3hu,0
znwlzondp7,0
7shdlepya2,0
dj0rqdzjht,0
o2ff975ekk,0
dydkln46oa,0
wimbp536er,0
lnnug59580,0
nk02j781l2,0
6i1te7tpy7,0
556xmw3c1i,0
qexkx6v7lc,0
rhb1i2xhd0,0
uetjavct0g,0
fs7eipltgt,0
5wjmqluh6p,0
4qt256e7ci,0
6g8v1rq0gm,0
acng88fuw4,0
5odi8yq69d,0
vn4hhfib9w,0
491zpp33q9,0
pvr93q225j,0
x73gm3odtf,0
toimfpcqk9,0
c6e175h2uu,0
okvvl18lmf,0
ulwzr75y48,0
80tn074lvh,0
no3xjripxs,0
hltr6i4028,0
qdijvtg6yl,0
2uzl69q0fb,0
0lh4x23j06,0
pmip52h080,0
0nhjj48llz,0
anf55w203c,0
b4dfyqgx4o,0
e0w0nwwq68,0
9f69kqyepg,0
g0zdz2kl9q,0
fao7npcpze,0
1i8i8vslft,0
aoaltorbmo,0
2ycq2ih7a7,0
teinwmcz3g,0
9rem4pejpf,0
ob3w1n31t5,0
6u42o4wqm2,0
sv768wi0eb,0
68r7ffu4cs,0
pep141ixep,0
srm04un4qg,0
s1dhep99ns,0
gewr02n2ly,0
amditlsqxg,0
bt0nlr2e5i,0
rxmxn6u5kr,0
9qqhzzcu1v,0
q45lck26aa,0
ehwbl5oozo,0
tw3bams4o8,0
b403mpc7sl,0
80t0iwt68f,0
i6xfq6wrer,0
jfp6daovna,0
lcm0tg2lv7,0
zqhlhanzyj,0
dml7bbtjw9,0
ht0kak01rt,0
pysff0cck4,0
cqd6bwrp37,0
rgwb52gqr0,0
tj8sa7kfnz,0
ovr3ktvfao,0
m2l47lsf39,0
5fq8ssr7l2,0
pxrcynpgab,0
ve0vicy28b,0
4ec2b7txoo,0
lfhr88lxgi,0
eaf4ud3v3d,0
en3hyimo8s,0
jwd6xk88qz,0
bllo1i54ob,0
ll3i4hf98b,0
m0u8pu31ay,0
rbnp7e0vjj,0
cjiwn2aaxz,0
5bbtf04cdr,0
huli41s80g,0
4fflp7opuy,0
6buxc8sljl,0
kvw6qe2md5,0
bnpfbypy94,0
w4ngaf80ef,0
3emokezht2,0
9x9vvxkgh8,0
giiwvnvimh,0
uro7u83c1f,0
nf5z9bnrcn,0
6qtyw7cvkj,0
egyw4b968t,0
tg15971d5j,0
8ojggtp8tr,0
bf4q3yktjp,0
79odrbircx,0
jwkqfkgmaf,0
eedgxqnl8e,0
ehnfrtt60p,0
0x51cm3ebj,0
em77zc6c7k,0
dq0sm78ir6,0
d44pwv7mui,0
of9hz4ield,0
htqnsndkw0,0
5zi7gk8p6s,0
lqzpl8epmo,0
n8mlff85v8,0
lk33xm9jaf,0
ulm945g5j0,0
226oxshela,0
2mubg22fn0,0
ycbj31bqez,0
5mkyaa8igk,0
g1it1sxym8,0
ijh0hxykwk,0
shdx51yzbe,0
bgpwibmv39,0
43m8qx5a93,0
69qdyc8dna,0
mn2zk4951a,0
awi1hbu3ep,0
daecobkth8,0
wbrxlj1gi9,0
novlbxt6qf,0
i7tyethi4s,0
uy02w7fmzw,0
imytqn1zck,0
xkz5a0lf58,0
zvmwhtxutp,0
0rgsfeghnb,0
ixx1hhndhw,0
5vmaxyj06f,0
xeoou2s0mv,0
y2uo4woh8q,0
2swf1z12ez,0
vbob4o3n6t,0
ps4kcj83o9,0
1rrdsc88gv,0
lkzg95qx1a,0
mllnqgpdv0,0
ig5i9th6yp,0
5p8zw9iyb7,0
fb98rqhmiw,0
8ceax7460y,0
1vypufaome,0
s7cwe6yt3x,0
sneylsjzpo,0
oujoax3avl,0
r2yg5gu524,0
e17rtlk59d,0
ikdo0rlylu,0
n1zd05ie6i,0
0qhhhl4weg,0
h48kf05xxo,0
3kmozn2nwv,0
1vu20h5i3l,0
s7ln9hrmqz,0
rkx73kzeon,0
0hkpc31xaq,0
fec4jodo3q,0
1h32p0aegz,0
hn4jt7d5sr,0
fdl1sfc72k,0
0d3578el0v,0
9cywd71tpi,0
k7ovwyemap,0
7sxnlqg8wz,0
ru41ayimcn,0
td7os6xa1k,0
hb1f0msptb,0
1nklkxm406,0
s7n4u2afdt,0
nkc0th1858,0
r41busdp1k,0
0h8q86czq5,0
93osvrxdkc,0
od1seh064m,0
9k2r5h0dqn,0
ykandnft1n,0
zcmkjwueg2,0
siobklknc1,0
s8y0f6vy2p,0
qxf066o998,0
lplxb8l8pg,0
8d6f198i42,0
upmt3d1ez6,0
yosgpcgu9v,0
hp1847cevh,0
8dkcv9a319,0
94psr1q0fm,0
tuzukpc9bw,0
pc2qutje4e,0
6vweu89ce8,0
eb1ysyy8l0,0
2j9a6iuwv7,0
3pog7l9tcl,0
nsq7979ypk,0
dcqmt4f28y,0
yegf43hlq1,0
bf3qtlaexc,0
2nosbyri6r,0
q4h6rfx86m,0
t9jpz9uma9,0
26bvfwk86u,0
hamg97f12l,0
myvk0kkkgo,0
bqr2a0tkjt,0
ibsylcpy55,0
t6tj8arnqv,0
9p6h25xtto,0
6m09ocnvxz,0
45jg7k70ac,0
vdk2hb859f,0
n8k1l5oztb,0
x6ju8by4kd,0
38p9e1xi4o,0
oalq2a6j1k,0
22ynpbu6lh,0
d39ffseg4n,0
k2l9knbkrx,0
r8jur2umdj,0
nf1ur6iysv,0
16cpvp7ty6,0
oma8b1qche,0
1e1opiip0p,0
41mnbcgodc,0
sn0n2ym38t,0
uz4ioz2w4l,0
iaq4vy4li0,0
gjt0va0vhi,0
v67dphqmd7,0
2f80fbqj0t,0
t6hpkugx32,0
04uvanmwss,0
piyym6j4pb,0
ehgik3lb0u,0
m2y24b3953,0
5sup92egj9,0
hnz0b6y2ck,0
q0uazs2vk2,0
2egpdk8fml,0
o0egtf5wki,0
6jxkkrh54l,0
llypjsypf5,0
up7d9o5wxg,0
eu3y8y31ol,0
yyiwhdc2dn,0
oyzujen4d4,0
u03qr94zds,0
rm512e1b47,0
nlmrypmu1s,0
qec3n80seb,0
2ld2pdmbz4,0
9hb16mol1x,0
4ra0xb011m,0
7fiej4p1zv,0
nrvva68882,0
g6w823xs6l,0
wsu7hivycz,0
mnhgr5jbnt,0
u9a24ch30a,0
1rz1a7jwbu,0
lr7zjidimo,0
0p9u08dera,0
kiyrwzkdxx,0
ltl2f6nt7q,0
w1j75nf2yv,0
0i3m3lvokh,0
rg9eoyf6d7,0
kvl2nbr1y7,0
zq4c3c487a,0
obfvdp6nk6,0
mul816vuoe,0
n54x9ph7v5,0
n5k413w4i1,0
dqikwdtwgy,0
enz8jdznce,0
1nzyza7ygm,0
uqvilnotpo,0
4ca46crr3s,0
wvnizasez1,0
jhy3adoscw,0
q4efgp0zex,0
04kl8tlgl5,0
rn783idkho,0
icmuizeatw,0
w27bdxurby,0
jyl2k1g3hu,0
ftj3wmk776,0
89rcstz96i,0
msxlfvm27z,0
5gnych421y,0
orv9wq71de,0
v2uf2fl0k2,0
fbshuinofr,0
k2ja3c4ivw,0
wxg7o815zo,0
80h0n67g5r,0
kvrxl8km06,0
95i25flneq,0
d405g41lsd,0
40cy6c3xyu,0
kccdcfwbm8,0
95hr7pdz4m,0
n8l3jqv9bq,0
q6tm95odqs,0
udy3bvifdt,0
17438u32ya,0
2ss05jlav5,0
toefaqxpf0,0
j7lf042hvq,0
m7btupjobh,0
lgc7525np7,0
xfoybobtr2,0
te65w1p9r6,0
0x0ikgiu3q,0
tek6b49r0e,0
2oeoes0s5l,0
mccpknxtlw,0
525lcdshso,0
s7iym7eo7p,0
6u7dvykb9b,0
hi7vj4lqf5,0
ry2fvjipu7,0
zj4tw64w0s,0
aoyamj834p,0
vorggnklst,0
gv2xh1vg6b,0
54d3sg2jqr,0
l74o8nh6z6,0
n2jxvoo1ao,0
u7nquoesvo,0
nc2i2nukjj,0
i7sjcl3jmv,0
c06szkc5n7,0
7ofaahurkd,0
i3lvkfjwxg,0
v47o86u05f,0
curdl5at5e,0
2wm1rfzw9h,0
6edadhnk9s,0
w2m868q3li,0
iud328nt2d,0
rer641rpjd,0
baui8994f2,0
uvs9sjfsd7,0
vnzawo70x3,0
esfznp1eaf,0
zlkwk7jrs6,0
z7y86p2a5f,0
nav7vbbjtr,0
1wgm73jfnr,0
6l5w7tas3f,0
6cbf4q0dcq,0
xqefjdox0k,0
th9p8fapf0,0
r30yhxb8kr,0
bu8x6atyxg,0
h1h1h3fhhk,0
51tqe600gl,0
a2a7jyji7m,0
q3othm8hyt,0
xhyk9s84fn,0
cji04dti9y,0
iqhci4y0ow,0
lsy4f0wcfl,0
1es9dipjms,0
ja6wpmifk8,0
oqkdcpy5jz,0
hrvbsf7c5t,0
o8jb4r8cqy,0
3l2w1803h8,0
xxuuabojum,0
xdksfx00fx,0
lqlgh0vkdk,0
jx7wwi4raf,0
je61uhx5r5,0
y47gvokbfy,0
cam652smxd,0
5jwwk3owza,0
tdheabbycz,0
rq710jzb32,0
u5a5vmsevp,0
g24uwlg1ot,0
dzakpif9i1,0
w0qy9cy7hj,0
b9fo6kvvnq,0
zhs9rfstcp,0
w01eowz465,0
qltd9z0v2q,0
uink67zshm,0
qxfpjhvt4p,0
62o408kiy1,0
fhgvpc636x,0
gq24cshpnx,0
qyaaim8ttv,0
wtojins15v,0
v5g3dkmuen,0
f6trsfu2rm,0
z2j93pk1ov,0
xsywwaqg8v,0
9e7hnp9xa6,0
kagfwavde2,0
2wffs5rgsx,0
f7qx9ypvmp,0
ks0rbcfplm,0
qv21lkgwmt,0
1riv0w5qer,0
ejtf6lbpa0,0
13kg916hrb,0
h0t2hwy5c5,0
5484kyrp3f,0
sp7g3hrs1w,0
d0cynkvm35,0
l3n1zkp1xf,0
e11lfbuejf,0
habbs56643,0
sk39ija9lc,0
ib49ku5of7,0
jzqcidywjq,0
yhqbs17wvh,0
d6k67hiyc4,0
o7og65fehv,0
gmley2w01i,0
pkw3eq8hry,0
em0wwfyx6x,0
ve5pgks2eu,0
x3zk7e1k2d,0
phk4j64ssg,0
1fgd4s7awl,0
o3sl1w896l,0
kct1n6h7f4,0
bgug6n74oj,0
1iw4sj71qy,0
gcz4s2mbqd,0
86tuc64xhn,0
vke86m2jqt,0
49s71n2azn,0
j02h6aoi1u,0
jhqk0kkhgg,0
q9qdte77vd,0
1snl3z5oby,0
tbu6tqz4bw,0
j9vcn6d71g,0
0vi2q0iwf3,0
odne42gf25,0
c8ixui49go,0
p2ghiud9fm,0
8egixt4wze,0
c4t2u53mxz,0
h4k9sdkxh6,0
8jz8fldt68,0
2navty5bxc,0
gl2lisjves,0
oxlbm8px2z,0
vfhuglkx2e,0
zfgrd31yhi,0
ucem6hu9x7,0
65vltslzzd,0
79e6mgvxez,0
z2wlq9h045,0
022djyqlin,0
hey5xvii4x,0
cbawphjm45,0
ix9r4hki8z,0
57wrcpwir8,0
lfzrdd32nq,0
o1xx6ksnsp,0
o8dzuwlfou,0
rlm4ih86ub,0
ui8r35rlzw,0
b0e15684dn,0
anrt5dgk0n,0
pyg9abi2q8,0
4cm867at6i,0
p0u6go7e4k,0
vm0oocpckg,0
1ab8qbm9xg,0
qzujgi5ypd,0
vtv4563ekd,0
40pbai1br7,0
gbjc99pl8y,0
kiknbf0dtt,0
ket9a1gylq,0
a21wteq4jj,0
i1u1im0a7y,0
21x0j3ztwl,0
ke8izgmwf8,0
ocms2eqj5d,0
6sydtog818,0
x067chggwu,0
ejwqcvkkf6,0
mdu2g7eelb,0
1hq0l9yt93,0
6f6ol9wn06,0
2ey08virgk,0
876k2wedsy,0
3l0q2kxtrj,0
cmztm8u2rr,0
8dvxa5oi8x,0
idcs1yr1ff,0
wulmev858e,0
m9wtw5zq9b,0
2s17yj06t3,0
870nkg6fe1,0
ivymxrok08,0
8uh7h8ny2q,0
9td6phk12a,0
516rruro81,0
k7g04lz835,0
uu45sfr5mh,0
s1rfc4futr,0
0wznc4blv9,0
x3k7t719qx,0
6rlz2fj9ly,0
u6k6ukgaxv,0
ybqetuwk3n,0
2fen9h33k4,0
pnrz7kcmhq,0
ecmadzlttl,0
arje4wxwdp,0
l3izw8i3xr,0
9ruh8w7n4y,0
51w1f4ms8k,0
c2ar3dqd4v,0
wcey07ql5o,0
6yiuutmtte,0
xtlme1uwho,0
ukhayema6s,0
2al5gmmvz6,0
2krm3300xx,0
v674ukjjnr,0
v0o4e6xrbj,0
9hoyfyymv0,0
69dhha80cq,0
2eglmcpj74,0
5rimeke6ft,0
yfhe868exh,0
5ikj2b7s31,0
g8jdbxbelu,0
r6c7wel4kd,0
dsxjxp04t8,0
w6agpzn3am,0
3wn28icuou,0
3bm5zkxez8,0
60z0imam0i,0
c4d7o93y3d,0
eb1zf5mkmu,0
2eirhi6awl,0
js44ay7616,0
ojrxv9ft1p,0
vrhuysgw64,0
7aff2xp5hs,0
wwu2l94i7l,0
r4ebyh32vj,0
op3mp5ctgg,0
kzq3a704cr,0
wnirdsk4eg,0
96k379h0y8,0
kqo1z3wq50,0
g0xzzke92x,0
h1iuf15tdu,0
9refft7ebw,0
3nlia93t20,0
as5t3eqkfk,0
x7n7j9ij2y,0
i7iknux1ho,0
4z55eky8vn,0
74pd9rdlh3,0
ds7gmdqyb4,0
0hyytbassw,0
y2c74lften,0
lwfqlpfywl,0
ox473wq9aq,0
2d28oymxcg,0
55kamaj0hd,0
tidtamj9n4,0
ajaw1cwrk4,0
hb20doaqom,0
pl58k7qr49,0
drp9rppuvk,0
ny228d7yv3,0
v4787eevgm,0
tdce2unpga,0
17mqeg2akw,0
er39simjed,0
xxjy4hwxwv,0
bdsbilep3s,0
u1jmvuwegc,0
jthn6hcp0m,0
hqk7lryxr2,0
8qfn2ddwxx,0
3u0v78z4je,0
2zw65xn5c5,0
10g4qi8zw5,0
api1nx4jpq,0
fl66bkdqzp,0
ujrp4yrzyc,0
lzbmnevldg,0
m08zks63fw,0
rawssuq48z,0
cy2xsfhh05,0
n2uw56bzre,0
t7u2cevgia,0
9nnn4n2283,0
esvqox1hhn,0
30g274z92z,0
csshnh5mbm,0
ywlm0pgghx,0
1b3aot4yqv,0
lwh17240ex,0
fvmk04us2x,0
bs4ks3nsgb,0
k9cqxvtay6,0
m5h9nulpdk,0
un8c6ft73y,0
j3tvhksla1,0
xioqhwdveb,0
0r0mukzv1t,0
6fwta41mop,0
f9vxcnzb2i,0
mysgfpn7mv,0
g9ct46hjgn,0
nkv5zz6m2g,0
xx73crszs2,0
29sbtdvvc5,0
pi3czx33x0,0
8ji0sax12p,0
y9h0miyyx2,0
4ucy8x3twc,0
wft7d28w29,0
lva0i8fimi,0
laeruwscne,0
rqpupv0jnf,0
vc9mb8jsxz,0
w1aij3gkf4,0
g9cjeb8pf5,0
jx7f1wcwvl,0
7y8gir1vk1,0
1tatx84d1h,0
yfw4prp2et,0
0d364hb9gr,0
25y47r1gmk,0
7b9t28g3gm,0
sb6sr71t2o,0
730o84vj96,0
o35xj0zw6e,0
kgclx1awng,0
i63bg3ryll,0
c6bvi1n4x6,0
yg7dmo46o1,0
zjkfkm651b,0
6o069ee3xw,0
mf6s3ingox,0
22kpv4nn50,0
413k8fg61n,0
csg7lwgbwl,0
lis0wwzcw6,0
8bob1imf0e,0
t5ynumrzfi,0
witz65e48h,0
vuowscy7j7,0
81c5xwdmi1,0
tokq2h72ha,0
fbdyviwnnw,0
btyisp5edy,0
01yymu7gwm,0
dklxjqitkt,0
40ww08f89o,0
rzxq1jrrr1,0
mrgy20i225,0
hfl9cc8mp6,0
yrtnzl53g1,0
3933gqpie7,0
qtuwbd40mw,0
wnpb3p6cdg,0
mo90sqrccc,0
3w5dugf1r0,0
0bi95kblfq,0
fg04txk9d7,0
sbkp21h23m,0
ttq20rg5f4,0
dpskimoxm4,0
o46nyfqei1,0
xndo3cau5w,0
d644zl1hxl,0
zb72mmatdo,0
b1zzyacs1w,0
yfurom551g,0
hotytgyx81,0
7iae7vjfsb,0
5cnghj3ryg,0
c1k3o5bgll,0
a95ksyqe4e,0
1nrm2ra5op,0
msykrqqms5,0
vyn1b23y0o,0
hw90114zhx,0
yog0kck4ob,0
inwhnfi7i7,0
wbpusrl2ac,0
xrt9039s4q,0
lpfdvjabqg,0
1xfqnfpkmo,0
hwado0ubgr,0
lhmkd499th,0
k7vttfhl77,0
fl2sk4q9an,0
0092z01psq,0
efyw7ed5e1,0
8rtfauijgt,0
1ek9r9ovyp,0
kdtcsw2m2n,0
kz0c5wdmhx,0
fwjkj20ysf,0
he9httdq97,0
oppvqomak4,0
5t0c817j3y,0
tv2fuxvtr9,0
4eync5afh7,0
1b7txwfq88,0
j8la79xbpv,0
vwbqiebjk7,0
vnlmmz7woy,0
l4dbmv7b1o,0
ny7mvc624w,0
xo3vwky634,0
pffjkdfgz0,0
smkqg3rulw,0
ojotihk19s,0
2ur8qxytkq,0
2z5hjx1bud,0
theh10q1sz,0
0ge85b812p,0
waqfco7czi,0
ls7bfkc0x5,0
g6ol35mdvb,0
bk9niq739h,0
azntahwtze,0
3k4tkiyhya,0
mt7bqwexa0,0
eyn3p8nl49,0
qpvroj2fbe,0
945y2nn7j3,0
ffs8uh5op0,0
a1sncqxfsu,0
zqjm6q3rii,0
xqvd8eagun,0
8p1olftrr3,0
dp8l2mcjfp,0
23i1fhn64q,0
s80o08vksq,0
wo56edjddf,0
gz3y4o8iif,0
r82ckzjoso,0
tcxjj2ogc7,0
1crw117s1u,0
ayc654z8w8,0
7es29lry1i,0
5wdak68577,0
wuow2s07go,0
ovx4xa6lbe,0
mcmhwl3e32,0
vuwgxbgznj,0
icx7u5p9r6,0
vlhut38j4k,0
lajvlt6y88,0
dpui0h8ycm,0
en6lh09ot4,0
o4ye9w3pox,0
dbhktxvrvp,0
atsnf37404,0
ygrg4c4qls,0
o7tjr21mni,0
szp71nrxkc,0
kgquwxgmmm,0
8yenr6i82e,0
lrp69hhbas,0
ldzckfo1r9,0
iyanakf6k9,0
3ay6vpu5ke,0
nvdj94ks2h,0
m01r0xmibr,0
pbnny8hmuw,0
dok7448f2u,0
4cgvoolov4,0
f84l7d8ppl,0
aej7o1n20c,0
wde57ts7ue,0
q3be6hpd4e,0
bjz2frau0t,0
6u7r7jbmod,0
m8x15qwia2,0
qiy0idfxcq,0
btnspsdq8b,0
ykpnj63nbb,0
odjtek9af4,0
0evdr0crzr,0
m3hw37c2no,0
hhsple51js,0
tzzplswuns,0
z0g3rrridd,0
qpf8dlw3vi,0
oq6j8kz08u,0
x90sp7nvxc,0
sweh5bf8kc,0
th3m5nk2f8,0
590trrzuro,0
m0qxhsi0zp,0
5iggyu5tw5,0
yfs4u2gxjp,0
1q3kgz97ak,0
weomhp3zzc,0
sncf6vf47d,0
z2xdbrjqii,0
h5q7n4myx2,0
1ceg6ie40q,0
85ziofdgyq,0
42f12iq5m6,0
78t0vmp4v8,0
3987isuvxz,0
nzymlu6cyj,0
o2emqqc36b,0
5iet2vq0nt,0
sxbngu3i2y,0
mr84hfy8wt,0
17xqp2f5mt,0
t3zwpwngfi,0
ka3wcm042t,0
0788eb2x1q,0
oiqln162vq,0
svrljy7w1i,0
jgqcv8icrv,0
dqbaqcauk2,0
zfmppwekif,0
0za9x4esxf,0
67dfkmick3,0
ntuo82tr8o,0
zqphbw1n28,0
bqg62cnm1l,0
p2ug3nu7i3,0
9xq14nmwjf,0
6ms4dt3nxo,0
wyxebcr04d,0
rb6ukwiojt,0