image_id,digit_sum
vqedryzuco,0
huzvvduurg,0
zguwczfpqw,0
aofvlepgky,0
zhefggneiy,0
fvyhrfoasr,0
eumswhtxrb,0
ylnrlkmzsi,0
ysxisvovmn,0
ucbakkdgms,0
xkwmetmmpm,0
ocpzbuwwfn,0
amguvaoibf,0
icndyqvjyj,0
uqoauxuqyq,0
kukggpbjvh,0
yamvaebygd,0
jfhmsnysxu,0
vvpvvmtsal,0
ekrrspdqod,0
iloinhjeij,0
lxocrfxpyx,0
tmlukdncxy,0
ykymfwifsb,0
sarqbvqweq,0
akwiktciwd,0
ovaezfkmms,0
kcovkeflao,0
uuozaalisg,0
reqjwpochj,0
kubtfjzfmk,0
fzhfeccfmg,0
xozsbjyuio,0
rrpqytyphh,0
blsqhvnhik,0
ddodmsyrub,0
ylyxpzryvr,0
oznvrxlrrr,0
lgzcssmppw,0
mmtigarhjr,0
ybfqgjadio,0
uplsmjswpr,0
yywmbqhccx,0
aiwxllmwoq,0
zallcozpsz,0
hfbqofdnpz,0
xictmlejok,0
kehvvsvuvo,0
qgollycegz,0
wlqsabsipn,0
oumzyuswzx,0
nmcenacdol,0
xjtiovugar,0
jqnumcczvb,0
aosvvbvjdz,0
rsnjizjffx,0
smuljaiuog,0
fdwvjmbmdc,0
haefdlqkjl,0
azegyqcrge,0
nhxposqvdq,0
zbbjfgkofa,0
scabteclld,0
sgosmuphur,0
nfzcuhceum,0
ojtrsjpiam,0
ccsrcqzlmm,0
slkzhcusoq,0
zwiujrbgfm,0
jtswpymypp,0
afxatrrett,0
qfdgqkbmiu,0
mrznwveutu,0
nrdnxmdvbg,0
cgzkywzavs,0
veoqxzvmxa,0
spuaodqsnq,0
kgfqjzaelv,0
dsxlgudbmv,0
wxrvjrahik,0
rnirpkpufb,0
fppbpttcwm,0
mjibkssjdk,0
otpbztpdel,0
uamyotccqg,0
netiqvivfu,0
etwolblbjl,0
qupqzalcwr,0
anjnodimnk,0
vckujmritq,0
kazujncfhd,0
yzlkibyqrx,0
mkfpxipnpm,0
mxrjuewtqf,0
urqtxttvjn,0
wrudbkkpur,0
vmtjcdnfbe,0
juorejscrs,0
jqpvlmqeid,0
vcbbmedagn,0
ijsywlkdqa,0
lnqgbjahmn,0
xpqfrckctt,0
doyabdpvcq,0
dpmjylnwxi,0
ifdxobshtq,0
dhdrnrncac,0
xhsasteshi,0
qaqepgzvhc,0
ramejqmfds,0
uswecpztam,0
nhhzpdmckl,0
zwxptlfzgj,0
qlbkhxzoxi,0
kysyszryln,0
minylseihs,0
gkymlnotvm,0
tacxfebrae,0
mlpmvyxhhh,0
jjyokzlavj,0
cdqofogamr,0
apeffkfyzi,0
cncjmykpls,0
ruzwrzvyvk,0
mirbjidlzn,0
bmriynjoxo,0
mtisupvjit,0
gtpxvzaatc,0
bhbjcperlk,0
apbpnlmevm,0
kmsmcnutvp,0
onthipkano,0
pjzypaynsz,0
hhbteveaeh,0
gtpcvznfue,0
aanvycjfld,0
tzaquadaqo,0
rydjvffrxc,0
ismgkbekdn,0
zqhlnfhbwm,0
fvzbsbjvuj,0
ufcycoxemw,0
zplgevfbkp,0
xzoqiyroli,0
cgunakxpsj,0
fzoinrfhxc,0
nfrmeydwkz,0
araofqrcbq,0
gshumdtfub,0
bgbcelohpq,0
kcuixtsqsy,0
dnriniszbk,0
ananehitme,0
fkdquldjuu,0
uxjgbcskzf,0
hdzxtpkklj,0
monicgbzgg,0
ywcdeuwcrb,0
mimmtiwcdd,0
ermrumfnke,0
pwlihsuedq,0
gxygopalbb,0
xempxymxzj,0
xunmpuipxq,0
rmsyxrplqk,0
edgrsbjevj,0
jrmgaizcnt,0
fjgjodtopq,0
wytmehggot,0
lrtklnobce,0
zlfibitltg,0
mcbmthbowh,0
qclatzlmap,0
iwkkuibkao,0
ktybqqmqlv,0
lufilzvifz,0
zggykqhqpd,0
uifsxolila,0
aumxdzpjmj,0
fnkpcihujk,0
rdambmgucd,0
cmqjmhiqwz,0
iejagexoqi,0
wltrvjqxcy,0
fgzvqvxaml,0
opkzftands,0
sasytgychs,0
ntotopetgj,0
pjjzvhztgw,0
lkkktapykr,0
wrtzpsfaye,0
jknsvissvj,0
gmfsakhzwc,0
yhitqojoer,0
memjtzdykw,0
pvqbuzmfwk,0
wteouwflgw,0
plgmwljsks,0
lkycalzrjs,0
murymgoodp,0
dpoaqlbifc,0
yvfqlkancc,0
dogjzakfyg,0
cxnspxvyju,0
yggeoqrnul,0
qqztpbhqef,0
njjaechnka,0
fqolxqhmbe,0
otfnakarnm,0
rchtahfaic,0
vjdnzzfjtf,0
qcuvrezxit,0
tixnjrcaed,0
uximmxdaey,0
jfqrwuedrl,0
zwccgxlmnn,0
fajogtndsv,0
mybmzgidji,0
zmwiubyvxd,0
tomioiyhdc,0
mkxjmjzyta,0
fklucsigty,0
fiobkwefgd,0
gbbzfbrwas,0
whzsmqgtjd,0
ezmsdkuqbs,0
uzklpznmbs,0
wchjdwpmud,0
uwbaxralwi,0
voifvswvke,0
rlvzeimgvh,0
mejdwzszwx,0
zylodtlktf,0
xizzkpuuma,0
gevosxpdft,0
uptftszofo,0
bfcigkcfja,0
rkttcxdems,0
owyhvdajan,0
hwfaagblsa,0
tkusrawoua,0
mmzmkgtvim,0
dsqudmvxvy,0
widamcjacd,0
pvqkoqvqlx,0
hfpsogkngw,0
xhlspfxwyw,0
lcxcnuixan,0
yoptyyqdiz,0
kfvlmvsuvg,0
jrkaptfrus,0
pdcuumeuba,0
ttlnjotwnx,0
kpmsubqkyk,0
kcqokmeuup,0
tjpnxiomat,0
yzigfrlwxu,0
rtgtwensza,0
mexgkrpbte,0
rivamhbbmm,0
iapmpgrmsz,0
yehbuthzya,0
yiqobpblmn,0
sdprreajwe,0
jauxbmgoqr,0
wrldprddmn,0
cmmxikzywy,0
eurbgbvdpx,0
ufzkvrzejd,0
wkevwpcysa,0
ujvslqroaz,0
maihogrcys,0
looliupeew,0
iomqwrhrps,0
khqxoleuev,0
yerpmrrbmt,0
tjugiqcmuu,0
jdwwfefjme,0
zqarapxcmv,0
swwbwvbdag,0
anajdvzlgt,0
ybocaoprfx,0
gjebfxdbxq,0
gfbldacwux,0
sjerhqvqpv,0
wuqscacfmw,0
vgmgggtyzz,0
aolwcmsyxw,0
alvyqawdgm,0
euzzilsnqu,0
vawwzrnisp,0
yfsenlkxey,0
doczkujbiz,0
jghtzwxfif,0
ldtsptwcat,0
gfxefvsjyx,0
idfkfhckqq,0
iydrbgqmpp,0
oundahtxao,0
htifneicdz,0
liazjplbqe,0
nkuhrntgbn,0
qdqjgmlhho,0
othjbivggn,0
eniqcgmass,0
qirevqdwvz,0
raewlmsldl,0
fhgrmzadei,0
ovojdpfyun,0
xydxlukjxy,0
odfgsxaswo,0
balvzyyqin,0
izkjnyfyeb,0
wxyetaekxh,0
ihqnocwynp,0
pehhafhwfq,0
zpdztjtdil,0
cpczpvrukk,0
cwrzdlgiay,0
bcoybbfevr,0
bqqajxxdkv,0
rieerpdtaj,0
tkiuppygri,0
ughawgioyk,0
jquozibxzd,0
dthsejwyks,0
ugmfjdlzxb,0
clnhaosfru,0
jzpmlavhsd,0
twxcttbcjs,0
kzuealvbrb,0
jgsqdbzari,0
kdngudcpsy,0
uvzboqozfy,0
cdxzsvmjgs,0
xsanxekmfr,0
owjtspdmaq,0
equqbezlao,0
erxjzagxtr,0
zvyqhlwfwk,0
kqrffnssxh,0
ivsnppczxo,0
eoynvtzzul,0
zymrqcctit,0
axrjxtbsoz,0
hqzlqpnewf,0
plplsypkeh,0
syeilyijhg,0
lmpgrsvvwj,0
jqqtpwgnnt,0
ivyyikvbub,0
wqbhgrspzh,0
nixuqaplaj,0
mdljgtmdqr,0
wkbtwlchwa,0
freeawmora,0
rxltifdzxp,0
rloiwusjui,0
esbintahsd,0
wbqopftfbl,0
fwyskfsbom,0
bgzwdnoiix,0
ckeyqihhbk,0
lwdjzfgojt,0
jpnzjinyya,0
wvousvcjcp,0
lsswqtaozf,0
qdrowveyny,0
uhshdcbcka,0
mbihysnirb,0
gmudthtuyi,0
jshntazrwl,0
tpbulwmuqj,0
hivunfblpt,0
zxddjxylrk,0
gsgvmgfjff,0
kaspkodoci,0
awzhfyzkaw,0
bjuvsatpcn,0
fiekrsqncn,0
ousdnoqqbu,0
xfuxjcxslo,0
macfebmnev,0
mxxhznqett,0
oozjixnbgs,0
jctogvfzmq,0
qchvslxwxz,0
cgnwqjjwlb,0
pqnbvkrrtp,0
bvpjtrysyl,0
vbdevcsaxi,0
kbltecvsdq,0
qxctwnmkez,0
bsslxhnxtq,0
dddmmtphon,0
msclgsatju,0
jriyrukzha,0
damnqeywvc,0
qjtrvapruj,0
ilughrszka,0
xicmtsleey,0
rlguekjvie,0
hcfyzhxpal,0
jgfsiifqyb,0
htxuwqiawp,0
gfwecmopkl,0
xbyrvjfann,0
dhnalelqsf,0
nlsegcchho,0
dgndmatrqr,0
rmycjlkvts,0
eonmfvqzvj,0
pgtsrllpmr,0
tyuihuflao,0
cepehhjdqd,0
yyaxduxrao,0
nfunqggndg,0
lnhririwql,0
zvuklixzrd,0
zqsysxukze,0
funovuczzr,0
npamxsjvmu,0
iwdmbzvkko,0
xemaocwxbb,0
gtaxjamtfz,0
fausyxnebo,0
mojlqdyvpe,0
xnoompnhai,0
xivzjyebkn,0
xkbgvoxfhe,0
qpghlovlno,0
haihrbtzwr,0
wklyetboji,0
bmhwwyewzs,0
jxgxepfjoc,0
ygnaelsklq,0
advwecbixr,0
sewqrdibmq,0
ybjnjphpzh,0
pqdlksirun,0
bwufdrfife,0
ncqlrphdou,0
yqpoqsfzkc,0
tojaozncpx,0
rxomgabsmn,0
mpvvsdgsij,0
ijliyukoks,0
cfjdvbiinb,0
fyzwoqdcjp,0
piwudzljyf,0
mhmlnznqhp,0
nheuqtkjhn,0
npmcwwphqj,0
aysehcejdl,0
speduwhdva,0
jqhcjypscw,0
iifkxwsnhr,0
nmmrodcvdw,0
ohcsgzsizz,0
whqioxyhiv,0
fjtczjgnuj,0
aepudzzsdu,0
vrufhhvbvl,0
wspsgpquvo,0
drnurzdpax,0
vrupyqarqw,0
bengcpnate,0
orehlhwimv,0
qyrxtvgcqy,0
tejbhwtftz,0
xfmrhxlqyz,0
lfdltktyso,0
yzxruvzxnt,0
ibliwzknfq,0
ttiexkioun,0
jtkvbkvicg,0
bdwrbdbtqb,0
fqsdvnwzyh,0
cewchpztnp,0
tjhlrevibr,0
fftuxuadvs,0
mqsiotktoc,0
oapxcwgyfv,0
isbzmpdkde,0
kijywcrlkb,0
pfspmyzuzt,0
jjdqcssbva,0
azhjndzvey,0
psbywwwomd,0
mdyrwkubtl,0
opgafruwkt,0
oncnguyclx,0
hswdswtzqy,0
xgkdtlvdiw,0
xgqdwoqmdj,0
wlzvwgnkxh,0
dztaxklemb,0
crdebfsbit,0
duaglqvdpf,0
ugkntadtte,0
gleakyttzx,0
vmjcbjptix,0
nycdiohzif,0
cpobrxdxoj,0
nuxlbummbm,0
kmbqtranpm,0
fqujwtuvzx,0
xklushwyko,0
uipqwjnuaj,0
wyxytrxpdp,0
ygvachbhrt,0
wufymlnhex,0
fpsxubjfmh,0
bmnurxfgtg,0
uxfpbtqyyr,0
vdioqbdfit,0
lewukxgtzr,0
rtjucidvyv,0
ghxwmijmnn,0
btmwfiaqyh,0
zmkrmgeutr,0
jpfdahqhlz,0
mqhimyymje,0
wsdqpfihpo,0
yiosfsdlbp,0
xllcguzhbc,0
ftmwwwoiay,0
ccgmtxbmjt,0
vncfkmblut,0
mjsswqwgbc,0
blbheefuuo,0
jgipzfrsep,0
wpljhnwidi,0
srggqqsmkt,0
xwcabcliyq,0
ktgkajpjjq,0
bvvckywwoc,0
icxqqzjztb,0
kqdbyxrbfq,0
wnmjreqwgp,0
kcwdekbvpd,0
tsogaqsjhi,0
rqkeczfnpd,0
dpmjazzvku,0
cyahkomaev,0
tjnucpxkpf,0
viqicrtvwv,0
rjsxyrtwpi,0
fopqrshglu,0
uhergyofkg,0
zbbnwclgnc,0
krbeahqutq,0
dwwnszlnrb,0
eagejgonyg,0
kqbinekszo,0
vzlktjbbrc,0
miiuqapnxo,0
wqdlfevssw,0
ibiytudggi,0
gxtvzllwyc,0
jiuxhlvemh,0
paylncgjac,0
dfjnznyfwt,0
ogsrwajebc,0
oswsxrdvpy,0
bzdgadmssx,0
yimbjkqxuj,0
eqytkalhug,0
zqjudnoqdt,0
loyszodkzq,0
janbkqecrc,0
krpzknfndj,0
ftwokldfdc,0
dimtdjhfdy,0
yfwigujoqp,0
pbizrsneci,0
sczjabpcjs,0
tjurpozxji,0
nnsxzlxwqj,0
bcrketudrg,0
dstvpfnnzq,0
uccqczoftv,0
yutnpqzhkj,0
ommjezogvv,0
gomqmtjhsi,0
fjikaxhpeo,0
wfiibujxyh,0
gdtokhoykq,0
ykicryjida,0
vtpqvtyfmg,0
ayviwhubig,0
cgehdmlkku,0
pebwjswhmu,0
vuttbzfkzo,0
gkekzbgqch,0
rzlhitovki,0
syjfxwjnhw,0
ibtcvmkjkg,0
lzajqlghou,0
gajqabnpwp,0
otfompqiro,0
ocwfoywlxb,0
jmtymnfkvw,0
mdecbcmipp,0
ovbnhdywlu,0
hrlxotxtbk,0
szaukhcgyn,0
cfffmbhiia,0
xysmkrbxtc,0
altehfcujf,0
lsxlynltlx,0
zfkrnuysdt,0
ycdkhxiuvo,0
zuctgvxefz,0
sclnsptvpm,0
atwpkfanpv,0
qlkbfyhlpg,0
movwfujgej,0
pafpagmtww,0
xnjwymprwc,0
gykssrpigb,0
unmwtjcllg,0
frdvqnwrpl,0
egeezwjfvs,0
qfflyqalxp,0
xvedfrmwjl,0
dyhukfnalp,0
gfdaaliijl,0
dllrblzleh,0
ajgyvkzlvp,0
qifvjtyslj,0
sxtvwinszn,0
bncwkaupfi,0
murzkqqncf,0
dirvoeqtjl,0
esfyfeoqpa,0
vganonhxjp,0
btheucomuw,0
rdmravomfk,0
ahjlclxmcz,0
fwwhyjwaax,0
iezwplijvt,0
zbwfclpoyu,0
vyhuvvbrrk,0
jevwbyfjuy,0
rbhpjcjbjy,0
rgqswztfca,0
fitzbiezip,0
nuzfartpju,0
iapxledilp,0
egvuwscavl,0
xbhtelljdc,0
cmeowozpux,0
zpswnixsna,0
otgcymkdol,0
ggaqsvkirl,0
rcmntgmimz,0
ioaogurtcp,0
wddleqnnov,0
cjtdiyuheg,0
tbiyivacpa,0
oolxzbcgjx,0
hsfzjpqeld,0
zmjuuhgksh,0
rukngwzaav,0
yrcmwggpbe,0
nnenfxvgyt,0
jcadedabnm,0
kxubybwmmq,0
buoyqfejlj,0
kdizxpaans,0
prrfbksnzf,0
zoqfzcipns,0
rquhqknbeq,0
mhawnccomy,0
vlzfbsyqag,0
yqhvmqfklv,0
nltrxjhnpd,0
yfhkwitmvi,0
spulqixqfo,0
zvsjrktjau,0
aaavaxgjim,0
aesgfwlqdj,0
avyqvnijqr,0
riaacdempj,0
miryeaebds,0
kdmmxukrwn,0
cwllcoslny,0
nmwnnbaong,0
bpobetllxd,0
rhjhroceow,0
wrykupcnqo,0
fnqnbmabla,0
xbjcryvdxg,0
qdxbasyqlu,0
mnuuilprvw,0
ohtzcepbev,0
pjnuzgoysr,0
aqopvcgmnq,0
wibcvrjxui,0
ongezikfau,0
hguapuyeyu,0
adiwoqintp,0
veckrbrllz,0
jhfrhxrcyp,0
chchpeutai,0
darmxszeyq,0
xxupuyastj,0
odhkvlafze,0
bhnsyeugsm,0
xezkeuqapw,0
nrxbqlzwof,0
quwlffasko,0
hcqgzfqmpo,0
kvuhjhchkd,0
yueuegmtyd,0
acowngermz,0
qmzxwdepaa,0
krhitfqeqy,0
ftrfvrubfb,0
gtfzbkajel,0
vgyzvuryhn,0
xqpsymxvxm,0
yphlkzjvvy,0
lrtqnueyji,0
bxakfreilr,0
opqmhggodz,0
mrrvbjwkmu,0
gtfzdnzqab,0
spopwgmuxp,0
lznogidofw,0
ueabcquwou,0
mlzuosmelh,0
nhebcphwhv,0
tovkkzvwai,0
hkntjlohxc,0
zkgkknenum,0
gusbngqyfg,0
vftxsnpfyj,0
bjrrhjqksv,0
iskthpajwq,0
wdiagrujrn,0
ephshbtuzi,0
zknwaocudj,0
tvnatclvht,0
hsfnitvopf,0
uzywyggrxj,0
pctajlknoi,0
wgtvkwuyfo,0
xuftjsjzjh,0
tznodfncpt,0
vcvsvuexke,0
tpwehqxyvc,0
otqziooepm,0
yswaqersyr,0
rnjehaxxit,0
xztucxtzxi,0
jipbplwszf,0
bqohonpdze,0
oamkuptgcq,0
slpafzzzbo,0
ktbcnppzyx,0
ivwwiuhqhn,0
ncuqugdxmc,0
hrhxeimcqv,0
kmvxmcwbpf,0
uyuingwmki,0
qjeffgqgri,0
tklmpkdlhb,0
xrouvfohjv,0
lrbsipdoum,0
muwqeaigwp,0
mqjrhwxqad,0
xzpxbxmbyr,0
qcwmfmpqao,0
meeemqwyfr,0
chwsjvfbje,0
oaadoqrkgr,0
excmjafcwi,0
wkbilwccuo,0
scvxgjkqpu,0
cxewfiqmue,0
alwmljrlbn,0
njuwptuooh,0
pxpfkmtpfa,0
zrygyiajhs,0
gaesqokowk,0
flqmfoeuet,0
kjyqsybbhp,0
ywreiectvv,0
olmkchvhpz,0
cinpjoaogv,0
skcrgomynv,0
dckpvmtrte,0
lkmseadlly,0
exurzkmsue,0
mcbnjfmbkp,0
qehrraurba,0
gwbjntpgkm,0
udebtgtmny,0
jtbsxxraqc,0
hefeuqpogi,0
ecljbihvvl,0
xlxefsvklz,0
clrzydscew,0
ogngqbrege,0
mdhaixtffq,0
gyznxqyquy,0
vvbujxxjmi,0
mapxdwcige,0
vgzqfsrrar,0
odrtlasywk,0
nxlgewyibs,0
plqidhvqrq,0
pltxcsnfmt,0
xzpfjblgah,0
swdyjjqmnn,0
wcodtwmswj,0
qgliursgqw,0
krdjbodiwn,0
vzfsuqgcec,0
dlrjtaaehx,0
nhgyuitefm,0
qezvzskmcf,0
jacjiafuli,0
zhyakpuuyk,0
thvnfdsfiz,0
fnxjlinmfi,0
ohwsxtbrtb,0
juliinagom,0
vrriwcvxbp,0
nnykrylhea,0
vjpeiaqvdb,0
brhminyntw,0
skvsctgpib,0
licqgufvej,0
koorgxsrvv,0
kazwmymhjm,0
sypbzumixg,0
nedhlipxwg,0
copzjylria,0
pwuvuocnfn,0
rstrzuanmv,0
vjciakngfz,0
lvpzwwjvuq,0
vibdhaudmm,0
schjtywnks,0
sxjtzvitew,0
qfyoidhtsk,0
uzuqadlyeg,0
dpnndaoujv,0
uyvhxqkeov,0
xuroepvqdi,0
gxpkbzrery,0
fswexdndpy,0
vbmtlzzlpw,0
grrcxiiakc,0
fouwtpmnso,0
evtxwfxron,0
sybcvsynzy,0
fswugoivjj,0
nzgmlsmpjo,0
egyewxaakr,0
lwpkzysjph,0
hkhewtwmvr,0
jrptsemvso,0
iyqsoqqwkf,0
hdxkngqnxb,0
cftyvceqir,0
ywtkjmaclb,0
mbieojxrko,0
jkvmziecug,0
epbrvpavec,0
nshfxkzmqb,0
piayghxgqz,0
qtyvyrahbi,0
lphtyymiyu,0
mfwriaqtlo,0
qaevnddyfh,0
ceruntlztv,0
kteujnbrpr,0
uphvaungmy,0
nribzenpmy,0
pycvzwflaw,0
gaoicnzozb,0
odwmzovonp,0
piozujuzge,0
aywedwvpnl,0
edssddrovw,0
wvrgqisktz,0
xysmbvwlxp,0
izysqfelmd,0
ghhognkfks,0
lofvwmxtji,0
fqxrnmplxs,0
klzjwshhzn,0
morfxyuzwc,0
kgelvbfyho,0
jfaqiqdbcl,0
fpiebtsqeh,0
tzlczztzjr,0
gdwwgdejqx,0
yldbtlgdyz,0
ewyuzsyjtb,0
fkpokfkcgx,0
waxpjjnyaa,0
ohmofwpvue,0
zhuosvsetp,0
ftgexxnlpa,0
sinctadswc,0
oywanqfpuy,0
xkhgmlamsq,0
adtwbwoklp,0
nocpnhgsvn,0
ihpsbytxlg,0
hvquqaqjgk,0
ywiybakavl,0
uptacyewgt,0
aoihzhoxak,0
qdnrotjzub,0
pkexiribkj,0
yehlauczmk,0
tjnftyrbyt,0
dbljliyoec,0
peaxapvwzo,0
yyjyqzsvpi,0
eufypmpqvf,0
ssgfsifxxv,0
qmmqyiflad,0
uhnefvmpsd,0
lusrwuwfwl,0
gukwakepeg,0
tzvoidbmox,0
skwvxtdngq,0
nnibqxkrsm,0
sggbapovpr,0
nyuwjhtqph,0
bgimbaskwp,0
niqnmfxoyi,0
jmqmvcbile,0
btzfutvsgu,0
eqfzkdsqiy,0
temugyuqrk,0
vxtxqxspys,0
wtjnbmdggc,0
avcrkijoxe,0
nngpwcqnam,0
rhsvpkscrg,0
gkextkamnw,0
vdguluvgih,0
vtgsonpvts,0
xhgncafkqy,0
cnvlddhkpi,0
nuujecybfp,0
hprervleti,0
sbjhbzrzpc,0
japxqrqnjo,0
firbrvmmgt,0
evtqicqitc,0
ssdrabcdkb,0
qaelcbvjvi,0
xcvehptbks,0
vyoeryfauh,0
cplyqxreeh,0
rngqphlyae,0
xlaoqmtelm,0
fpwiyfmyfh,0
mvhdrpqggd,0
ycntrjsvws,0
bowvixrcwx,0
idgmyqwgbp,0
mbzqjxjzoi,0
iulisovrwe,0
uvzxkedddp,0
dgbkxmmjlr,0
ddkqjmjknc,0
gkpjvrbnza,0
edxdwrosud,0
yssdaxrhqh,0
drlbbwfrud,0
vtyaoqcjlc,0
dgbatvwvfn,0
qjorxkcbjg,0
vrdglmvmoz,0
qgbvohssnf,0
hhuqvtdyks,0
zuojflbthr,0
ztjcmjfwvv,0
rvtgtsnoly,0
okwemtabqk,0
svnvekbbcm,0
fasgiewvvl,0
lhndnnqkos,0
hgqeiencsd,0
vfmnbgrbry,0
pftftrxrcu,0
gofdlvnlar,0
xgujpnpswx,0
jhpaozcuky,0
mxlkqggahl,0
nnckmdzvnm,0
ghwudiqslp,0
urwhrllavg,0
tekxsjbwbf,0
drsotbzmij,0
kvlitplyws,0
kwicwwmbwm,0
gdciqymwhx,0
gseowkixlo,0
igkkqczphl,0
qawirnwdfg,0
fuftasayza,0
hglxvqnieu,0
yxjlxxxqbi,0
zdfjwukhxs,0
emqbqdhfen,0
xsfobdlaqn,0
rkaleouwpx,0
oueinxqzmq,0
ixrpkiawco,0
wfobpgrwba,0
ohartjrond,0
lzazeluccn,0
tchdiizfma,0
ncklwzsqfg,0
nyspyaslkx,0
bulwpbglbk,0
ktpbgfmnys,0
qvabmubsmk,0
hvzegumzna,0
judcgtetav,0
yltmylcoym,0
ploauhzpzd,0
rqwzpwzrkg,0
tequlgnhsu,0
wmwqhccjmr,0
asormfdevc,0
rnchbeeceg,0
ypcypitbdf,0
ohmeyfakde,0
rbsnzmxgyu,0
ygfuspdkxq,0
dthyjypwph,0
beyppeexvk,0
yhvjvnlkhg,0
mxnbwhvqxp,0
fakrawfvuw,0
xeucablmzh,0
aygeipxvvf,0
piijncvmar,0
eqhgvimwla,0
aavththohd,0
zhrhanigik,0
carhyxrijd,0
snyygajscx,0
irukcyjmug,0
fjqezbrmjv,0
lrtjacppqs,0
tdwpyoonke,0
zhsefvivua,0
yfmktvmjjz,0
wphmrwowtk,0
snqhmifovn,0
tylpymkmez,0
myocjzhwzr,0
ffskyjwxqn,0
nykagurkof,0
jyilgjyopz,0
xsgikqfokp,0
sbpptvpkzk,0
hinhlruxzy,0
rcbugosomp,0
agwqjdjboz,0
adgmdojpac,0
hzpawvpopm,0
dyyfvlvqjo,0
oarpdkrdfe,0
cpdrijjqbi,0
fsvomzmysz,0
ewbcbrjggo,0
sravhngbiu,0
xlhmtderjk,0
bdxmrgsefd,0
tbltpuofru,0
rzeizekgtr,0
cscqyuczew,0
lfbwkgvnkr,0
pakzgeecdv,0
fajugwgiyp,0
dcibllzrgi,0
szrwfcrqci,0
gfvsgzrvef,0
kykpnetawa,0
xucfmyjbuj,0
cggctcqlpr,0
mjqhmgrjss,0
zirmhmlfrh,0
ezgkswfkbe,0
spjvmiyvxg,0
rzszlkzohk,0
xsflxjusai,0
aukakpxbpk,0
gvlgmqqjte,0
ropgwagcuc,0
oxodzqyakm,0
wkbeeovoho,0
kkorvjhcjh,0
vacygcimrv,0
mgslxielta,0
hbxpalmumt,0
wijifjizkb,0
tcxiqbqxxx,0
ceokjoqllf,0
syjtpxpdgp,0
ozsapwwvds,0
tnbjosugrj,0
yogqcjociv,0
ncwknyjhpq,0
rfzrysqiue,0
ksmuvrfodl,0
hqkmtwguux,0
dbeozltoyt,0
jlldqchlhd,0
bjbpdtbuqg,0
vosfjvneii,0
dejlnhnelo,0
tazozhrokn,0
cdawddabaw,0
lxhppxwqns,0
qekodhxsps,0
bpitbevlmw,0
sjftkuklwe,0
xgtltzarbo,0
acdsqdrqhg,0
qrgekkvlcl,0
ezoreoqxob,0
rusjshqkbu,0
tyzrljjscc,0
ylcdwrlfii,0
blsduavgij,0
wongnqtpas,0
clkipmunjq,0
zuwvfebcgq,0
xmddpsiivc,0
btptyskgbz,0
leuscnvdss,0
ludixuaioh,0
atmiuqafua,0
fjnayuuclm,0
gbmlxuksgp,0
iozvckuxoc,0
jkbnqoyeoq,0
oqbjlafqqz,0
snglwgtywu,0
bggzaengse,0
gparlypytt,0
gfvgrryuxt,0
ijmmtxdoks,0
qfmzazbcqr,0
nxdqipkyee,0
xiooktyvxt,0
crkiwxvegp,0
qfpijvjxna,0
vbjonobnmy,0
hwpbgzjchx,0
hrxdwoqvls,0
divupnrjeo,0
sqsbcvofzj,0
afcfkznxwa,0
pxkgjvrije,0
kvfkprgjfe,0
rnfvfmycbw,0
gknajspqhr,0
cfjwfqzaod,0
cnvhudjigi,0
vffqvziteb,0
lynozhcnkt,0
dwxmfsaqae,0
gxqqwzkwjk,0
tnnpghegnt,0
unmscvflyh,0
behbmpsoub,0
dokeviducv,0
abfncxgftd,0
mspgbqsrzk,0
fkgihskxio,0
dtlrjsqvcf,0
ddvgxbxkpg,0
ymgmkwnedh,0
uztyixkvpx,0
lsqgdkkrzo,0
cbmgafuujy,0
ltbgyykdqd,0
hdcmejspuu,0
epjesowgjx,0
isytvtgocb,0
fuassdwrrc,0
jmdjdhglcq,0
dtwqvzjgsq,0
oqyzykxtbu,0
xxlscmacmn,0
rkqjcxiriu,0
fcsntmruzv,0
qgybstxtdl,0
hvfdcotnuh,0
faxacxezjd,0
uphpnzantq,0
sgvfrgpxrv,0
jjdytscxko,0
ltsmauhlpm,0
nbvbzmkehz,0
xnhxrnxsuw,0
oprfmfbjfu,0
hnjybshlsp,0
lqfypmdqgt,0
domqnwtfxl,0
deujtlaqbs,0
hnqqczgtwu,0
ahkozbecql,0
ternmtlhqc,0
ypxxzbeqge,0
kfwdxehfce,0
enznenqwwh,0
zbxzkllbzj,0
xpdvnlcdzb,0
fdpzttnitq,0
qvuyowtjtu,0
hqpvkmooea,0
mjlpczoepo,0
pbpqlnohch,0
hwgijgyctt,0
yclshrvzjs,0
agfqczddxm,0
zsxnesdhom,0
fmvllexknj,0
sniqzwpzfo,0
dmrgqqktke,0
lbwqtxctdz,0
hcfbtfjckq,0
xtjtnqkyjx,0
wbqljzieov,0
pinbybkjyk,0
hmmcumlzjg,0
nmxpwiguif,0
zhdhdjefaz,0
cscgxpreay,0
irguelcazy,0
usjrfikwzh,0
hgupmpsdxa,0
girqcypjqv,0
nmxywmgawc,0
itekmodhys,0
hqylkvhgvc,0
nqtdggfuqh,0
lgceztlgdv,0
jgvclziaen,0
qysdilgcbz,0
kwsjlpmlpy,0
cmecetdhrc,0
iszzrukamh,0
fbelztxkpv,0
abgrlgueze,0
mrgsmrmfxj,0
nxgqobpaol,0
wcxbjfzwnm,0
vggamicbxc,0
tiofdjjwvt,0
jjdhstvtry,0
andyixhumu,0
kalxyuiyoy,0
fbirmhvlci,0
kogzngqwjd,0
ajwfioyzgc,0
dwdlbsvfwz,0
lfovlkvpuc,0
wombvhxgpo,0
vglxpiszvm,0
fftbgilpsv,0
zpvipetsva,0
tfwzealavh,0
fqozhzqnna,0
wyslubeqox,0
anlmujlagr,0
oxjvbaexob,0
pwzjwiisbh,0
tshrjqiflr,0
aypmdkudmb,0
xfjwehmxny,0
uiysmqlqwa,0
mcwmyowfoz,0
vzykrnzbao,0
iluraiwnjz,0
cdiexbehee,0
yutlijcldh,0
fqbifuxxyy,0
uwpgzaslbd,0
vrlfipqtac,0
uwqhplvrwu,0
ovvggzopqf,0
axjhtvdonj,0
zkmwdydsbw,0
dwmcpsgqia,0
bqspkebsdf,0
mfrqxzyqan,0
cmoqztzzul,0
xzgrhpiiqa,0
optgaxlmsg,0
nfmekghyoa,0
epmjixqxan,0
gjayxmwega,0
lqmxqlwszn,0
vgljeuscui,0
vottgfauoz,0
tbhtbmgtrg,0
exsnnwzfhq,0
gdyqngtfyq,0
benmigxlqu,0
ulfryydljq,0
fcceohasrr,0
gwjcfclcup,0
fqidexdvst,0
zbcifbbvts,0
fzafavfunl,0
qkhfauejyz,0
lcbewbqnah,0
fhsaprqcal,0
wfjpkayfee,0
mefnwacnjq,0
rjmwzsvret,0
loihdikemv,0
vdvbpkosjv,0
uizjrzzxfu,0
mcuikvxpdo,0
hoycghglon,0
xbkqflytyu,0
dqfnplajaf,0
xkteskcpkr,0
ftbuulbkmm,0
tiaggbgngz,0
rczngzyxdk,0
ecjixgwrxm,0
xzlmohhhgu,0
eibtazrotv,0
kfeumcqyvn,0
qbeblkzmpc,0
jzwnmzrzva,0
taxmmxkrce,0
rfhfwnmxwv,0
ppjeviircq,0
glxthlwubr,0
jwdmrsghup,0
eehhqjbaxt,0
fhokhjxemh,0
bqliyekwuk,0
ipxrdczykt,0
wyctycbtmo,0
utingovcap,0
kkwmwhbiwx,0
dfozidktkk,0
kqzhhdnnbf,0
cxdwqheglo,0
taablycktf,0
assmoetjeb,0
dwfdyjhlxj,0
eeptqttoww,0
zrtvlysdmj,0
xycomwbhlu,0
mbuytmsroh,0
qnqtfetfnb,0
pihxnyhlnl,0
qemhzyhhqy,0
jsnoxydunu,0
wmdfwhjped,0
izbwamtrdh,0
pcfluvwggr,0
aaidyiuvai,0
ptulzotpcs,0
emwjsntefg,0
reryrcjdzi,0
lxzxcfocdw,0
ucqglctpmx,0
xfcnjeabqo,0
csedgikjbd,0
tpmwqqggvf,0
nmcloiuawi,0
aljqydzmmv,0
lgveiqsvlz,0
ybkqbzklot,0
ukrmtyjvae,0
qaeievpffx,0
xwbspfczvu,0
samyyjczhz,0
eukcrzsnqi,0
bisgvrnezd,0
htgcbstijy,0
tjcqjcwmnu,0
pzdpgxigmo,0
kupoqweglt,0
srqhsmrtvc,0
lpocbuhcla,0
gabnvxulpf,0
yhjstrxxdx,0
twmqycvusz,0
nzwuiupagn,0
nmsijfsret,0
gkovwnzjjc,0
dsfdhayzpe,0
ykuxdnojlq,0
vztsfmxsmk,0
yysnxoakun,0
vvjzcbwsyj,0
spdkgxlyjs,0
khfmzaabzv,0
uugcwkqbca,0
sceqavdzfs,0
mqcveyrigu,0
yvpkdxkanl,0
rpetleiqvt,0
hqoggerrzt,0
cxpqumopuc,0
wrdladauxm,0
iamyztfbkh,0
sykvtfgnqv,0
symbxmsfdu,0
vsqbjubhqt,0
idymwtuxat,0
ooevcrwlsf,0
pzffyatduc,0
bocuoxhlgz,0
jksgonthxy,0
ugvrgowctu,0
xgyexkarkl,0
ycyrzsuqyd,0
zhxntufugl,0
ggmuzpjpth,0
waaodanxww,0
hyvykwixld,0
kfjjbanpyj,0
jaauawabtq,0
xwnhmbaejq,0
ufperbyxyq,0
ifhjlcduuw,0
zdqxbninlc,0
oficjqihfq,0
fxqvfaliao,0
ymujfcakcj,0
smwlvkukjr,0
yisntrlbqc,0
dsxknlmjlt,0
hbgcrorxsi,0
bxxdlbfexw,0
rzutnehdel,0
gpzmyqmswn,0
ujdsjlhnrf,0
pxrmhcltcr,0
gptjmxftyb,0
owvprmzucr,0
hbbjfoxcxd,0
bahwmavjii,0
mfzogfszbe,0
yynmgeakqe,0
ehzznetuno,0
tyyeoxourj,0
iaurhesdyu,0
zimaieklqo,0
uurhirfbeh,0
mcikajsacm,0
wksxvyxcxk,0
qdjxedldgk,0
orlcicietl,0
ldhytejpzb,0
aixhywocdi,0
dhsseaepqb,0
holoxrblwq,0
oowlhbljro,0
tvcntggfvp,0
yggshmglpk,0
navtszwaic,0
hurxgronqa,0
zznfbykjxm,0
uwrkghvzhh,0
kjziugiryp,0
mfxsorfbyb,0
riserdvxep,0
uvifaphluf,0
rqijvepfqq,0
ysygwalcbr,0
vepudcpshj,0
aabrjwiqln,0
zxxlcwfwwz,0
qzqgrxlagb,0
ygxclpxveb,0
aqishvsovc,0
vkayndsrmt,0
igqmrdvdgd,0
ehncmiowew,0
bwhuurgvgq,0
owumzlptef,0
fkdgfijswm,0
ivefblvggl,0
hadoafujor,0
jalxrohasp,0
ollrnhppfo,0
ocundkcorn,0
dxzudcwtkr,0
rrfpjlgaok,0
lrulhexfcd,0
zqfxtpxzfh,0
ldfsiizvka,0
rpcsabvjls,0
wzgmihgzkh,0
bqphzidppk,0
atchxskfoz,0
utmzoypvaz,0
wtulvtwobd,0
xbwfmqpzzb,0
xuwsnzejfx,0
eqthsshxzv,0
cfjgairvsh,0
mcjmtdqfzp,0
yxilwvmvpe,0
gfdrncytkx,0
mojetljrwp,0
jrzxncfacy,0
hkkgbaqmoa,0
xevnudewcv,0
fsjwkpfpjv,0
khvfigekqd,0
poxlphaksd,0
pwarstnjth,0
olhmxjnrvo,0
kcwjcxvixn,0
bolhstaydf,0
fgswlymwdr,0
ptiyclmmwh,0
jsznwcgzmr,0
rcznljirvq,0
moafbockuo,0
qitvzolbay,0
ezfbxrglam,0
trsfjhrpwq,0
hlisdnwwxv,0
pnggaffapb,0
adnalxqaqh,0
dcyjxsucfa,0
pzgveltusc,0
xddbfskcdn,0
rolylzsfsu,0
lwhjqtnkge,0
wrpchkvzig,0
juyjhbetnm,0
rccolegaqv,0
uujatxpsek,0
vbbzlzazwo,0
rtusqvjpfh,0
jhqxxlqpsg,0
sagpqfrhib,0
sdlpdxmshq,0
cqcqcaqzge,0
pmdwpoqish,0
zyivecouia,0
hcgaqxjjcy,0
eufpmcjqnh,0
olskctdnnt,0
cnjvknyuye,0
dhlijleryc,0
fugawpcovh,0
zxvmzfzgrd,0
zernfazmkv,0
zdolzhhwsg,0
wpbsxmyfcs,0
aajjnndqoi,0
hdovatsjpf,0
qricogjars,0
jknppcutxu,0
nxlizpdrcm,0
pficxxxsqe,0
urbviqxfjs,0
tdizwzidox,0
jjtvgdujgi,0
fshrgnvijx,0
uwsbyeodkk,0
uvzzgmhcnh,0
ixoupteqpu,0
gyswzmaoko,0
jfahzaxllg,0
xoupldkbkt,0
fsbxhjnmrd,0
elqklstcls,0
ufbdoxxgwj,0
jcjoyluqfz,0
hjonzyotfg,0
asfdlvnlpu,0
jqhhyjhpec,0
litfynccpv,0
fbwqtoyajm,0
cxslaazctb,0
gnlwvdnzip,0
ownwtewsis,0
cwbkbafpxt,0
aglhwfwxtd,0
zhtewqqzje,0
bgrmwfpqoe,0
tnjklgnzja,0
amvshtlmkp,0
lnpayecppm,0
hjjjhpqcku,0
umuplxkzbj,0
vggfgkdxpf,0
lyhocsypgl,0
sunveubxsj,0
ulexkbcviz,0
ytuoypzpuu,0
ayffwhmojs,0
ifznshyplh,0
pougpiyuyv,0
iiylxilkld,0
opnkwawkeh,0
bhracxsxpn,0
focgdwqzpc,0
crlzyhrnaz,0
ifumtrrxkn,0
njdoocczsl,0
znbdhijdau,0
hjnkufmbgi,0
tyizgkevwl,0
pvsecrpqxv,0
gqfupwtmgy,0
kqyziotllp,0
xpaohbjabw,0
zxxlmsuvxr,0
lyrmkjrubt,0
pxwxhrkijd,0
xhqmcnzskv,0
hhoaoyvizt,0
mukjsrtnbh,0
xjfwlyardh,0
wyuqykhqui,0
qccgvxmqel,0
ecxvtbhjsq,0
wrgotcgckn,0
alzgmoxipc,0
ixwbwqohbe,0
kkibgacjwh,0
xqxncbqjtz,0
ancghycpza,0
uheonugtqh,0
zynhhfktun,0
vfmicedtle,0
buygcgfgvu,0
ermwpfhanr,0
ghkfdwiica,0
szyeknsrdt,0
hbklkhryix,0
jflguyayfh,0
jkwlqylvqn,0
vlxcqihwse,0
vrrsqlhfcu,0
rnynnggnfk,0
elxqvpmkbj,0
oxghkwmlfx,0
vhfivguznd,0
dcjlniedic,0
txxisngdty,0
butupjsnwh,0
sisulwabwv,0
jamjyixigo,0
ibmlycsrux,0
qxhzcbguxc,0
lzicvnenee,0
tylwttmzgo,0
tdqeulyhfo,0
iitfldsvye,0
zdrchighwe,0
rxtpgcuume,0
upgjvhikha,0
ggslpirhhm,0
qgbuvuyjnb,0
rbreqyhlfo,0
ddjptpxocy,0
urhqtcjoqq,0
fqlvgxwhky,0
vdqepwblto,0
rnuxmrzvto,0
opezaqehyw,0
xyosjsfgpr,0
skicjbpzom,0
cjbqejpbwj,0
ivdaneyflz,0
mfurqcanry,0
nbtvmfebzr,0
zujlwveqow,0
gyxzbkqdha,0
weynlnedff,0
uxfbjqxzvp,0
jmhqvnxorc,0
zuvtpjhipn,0
gijfvgbwnl,0
cjzapsljwd,0
kupbkirtea,0
dpjnsxanjn,0
gbvufaelmn,0
jgqnmbflsw,0
eeyyamqeui,0
uaaxmykpsx,0
ozqelapxvl,0
phoigljnoe,0
ufpakcfctr,0
naahljsvxq,0
mefbkonzpr,0
hoyjbxapqn,0
plwewfstly,0
maiwgwrzme,0
txxheqllog,0
fziefsfusi,0
zchyyywuhd,0
kxakwlubqj,0
ckeogxrwfs,0
gszvdlilcl,0
noysgtavaj,0
fhepldriqd,0
dyqcqtznci,0
ecpipauvqm,0
sjtimaaxbf,0
idphlmtwyc,0
bqeipaxfxm,0
fntgokxjze,0
oizundedcc,0
ijfhobsgjy,0
sxymmnyasn,0
vhmgutfodd,0
xqonxwjyxa,0
qxbkohrope,0
uwnpghklgw,0
hzbcoeyude,0
gtxxwajyhu,0
jbnfmuanil,0
lkwpdawevh,0
hiwqtgelqu,0
phejgjsohb,0
cbwjjguajx,0
aeulhjrqng,0
fippjpihxt,0
catmjjnhyx,0
xhczbgvyfa,0
fbxubvcdka,0
dcnepncmac,0
mjohazwrnx,0
imkmbyppzn,0
pkfmntfscl,0
naxqmuskph,0
dngwvzavvl,0
cosbunaaak,0
tztdvgohxs,0
gksvokfwhi,0
cyiixexzpi,0
jxfirrzpys,0
inhcyztrho,0
djewypemaa,0
bjgxbduhdw,0
qvbsbgwand,0
ybdtcrjhea,0
betqnykvya,0
kjpojmgazo,0
ixjsmrtmpl,0
qivnxzgmni,0
kormdgeibc,0
smfcdwdkem,0
hvxuwhqfyg,0
xfhukwlgng,0
aepyiiawkv,0
uepfxapfib,0
juyyrcexcn,0
qgtzinbelo,0
gelcdlimyg,0
yztbtwtulk,0
ysavzwwcte,0
fufjwwznxm,0
moutwnxgnq,0
nzwxjnahkk,0
zwnuobztzo,0
vyaoviphxd,0
dlbuhladkh,0
vzkzrcqaqt,0
elkszezmcd,0
wmnowqdsph,0
jrdpwzimjh,0
cksnguslpx,0
rgkhvsixrf,0
yzumhnfmks,0
musmlvuwcl,0
vlhoxlnqdp,0
rijfdacsjz,0
oyxmtpzevb,0
cawaurzqkh,0
kvowhhdjrl,0
ljrtmslxqn,0
plzgiddgtv,0
ttxhrbhrgd,0
xtbsfdxnuc,0
zixznknbne,0
kcesxigxrq,0
ybehmycidd,0
jajcyagpjp,0
skkigpccde,0
hbogqzqyyc,0
ovahalzdxe,0
telwyctkvu,0
xmkqsomuon,0
xwcxbkplfc,0
eynexazrtw,0
txoxguyeha,0
jedhblkuzz,0
bsxgobpqth,0
bmwmtvmoag,0
xmdojsoccz,0
zeqmxelkdz,0
kwxtogvmxl,0
qptgwndidk,0
thcnyjdbkl,0
dtjmbzbgtk,0
dbcqrafefo,0
yhasywzfjo,0
ilckhcmlvx,0
jewahrypbv,0
rvufnrfnuo,0
gllfymyzvc,0
miwvnmipbr,0
qlkanemhph,0
nihhftnjcv,0
zmydclamtw,0
kxjlboontj,0
ypylqivwoy,0
stedkejjez,0
kkkfayygda,0
uwvstvleja,0
wdnlbopkrt,0
cteyywtyzb,0
ynpyyfidpx,0
nxoyveorxj,0
nwvyatlsfp,0
ywtjkilokf,0
qeazlnxica,0
mtxhhacvrf,0
fdhninrsbw,0
trfsgbisbg,0
llaclpponj,0
aawzngnvvl,0
omxdkkjzhl,0
nqhkzzypal,0
fsgsbkwdwg,0
kgjddrmcvm,0
qiifjluicn,0
gzbzthaghp,0
rayrxvnxye,0
ceyxpihesg,0
wpdniximgn,0
wpkofkcaxq,0
ayppotckyd,0
vmlxhytocb,0
evqqjiucae,0
clpolhazdy,0
kgqqeoejua,0
xhxssgrbin,0
lekigoqtgn,0
djgmgsbvvj,0
lcbllqoaki,0
kbqjgkgomd,0
yyminssgny,0
siacyexrff,0
qqgvdmekzv,0
xawgzbzcpx,0
gnbskqfnok,0
gbdkvidgxs,0
hiqkmafmex,0
xjsaptaehy,0
nymhjizjgb,0
mgbuarahav,0
snxjggwjhj,0
sedsokzmpq,0
bsvbclrgkh,0
kmympnwdqa,0
hgsepkaasj,0
titpzlbrye,0
rczmskyqfr,0
fucrhnxrco,0
zhfmybkmis,0
hragtkqtov,0
tdizrxaudn,0
oytidrpydp,0
vghakrkcjv,0
pcogqqftyl,0
vasevphyku,0
mnxjhfwgkg,0
wtzoaqtmvh,0
bnyiigndhp,0
aydprbrwlo,0
qykcjibgrd,0
lxgnjobtxa,0
htwzbyqgns,0
cinmvlkjan,0
krabcqqphp,0
ktfokwtgpj,0
sqprnanavu,0
vdaitjgwcd,0
ahaimzzfom,0
zepairbekt,0
pdcvdzihom,0
jdrzzooybu,0
qxtulfrans,0
nokhuehwxi,0
euiesigxaa,0
kodaptwszf,0
mzizebtbdi,0
jthlacscav,0
euuhatrwqf,0
jshktzinah,0
fdfytylayz,0
pqlbflvokr,0
wiaijzcocg,0
qfewlemolm,0
wthicfyffm,0
aapqjvfdmi,0
ofnwiisikz,0
bcwnosekdb,0
hixkxqefvt,0
ebkpyfvmma,0
tqnurnufml,0
uaqhnnifrm,0
zzodgzeown,0
lqhwvxzgvc,0
chfccauaid,0
mripzxptzg,0
pffcjmjkco,0
gykrtcnfpn,0
mwembulokz,0
bywirfjwgo,0
xhnhhywtul,0
bkdtdepcde,0
mvqksutloa,0
fpbwnwsrtz,0
fmvbdmskbf,0
qhekfzhnsk,0
nuchvdhlcv,0
jbfkrkpuhs,0
dtcotczcfe,0
gqwnprkdoa,0
ujukabasbs,0
zeblkniohb,0
lwxlltykey,0
uglhzxfwfl,0
mxlnlmxosn,0
mhqykabwuo,0
jfzmnsboad,0
pbmdvxiybs,0
segxrnszuq,0
fqihlyzbbd,0
wcbsiwdlbd,0
gdhalsvhcu,0
fdpwgpcagz,0
xnbtrpodin,0
gaibylkrpt,0
woklkmmlty,0
jcvuxarior,0
yjrbjlqygj,0
orxbonahbj,0
eartmozwkq,0
whrmpfngkq,0
ahcllycefk,0
gohwwhfcro,0
zdhnyauqbr,0
hqcumnsbjd,0
lneqtqedhx,0
ivjvkzxdal,0
axprzfryti,0
hdybzvjunn,0
qpbvbbczje,0
ipxxvfyioj,0
rhrtlhjrpb,0
jertrztlsx,0
pmuprstckm,0
vkqjnrzpdk,0
klarftogcq,0
cdplnnlbda,0
iqmqyjoxux,0
ricufahnyc,0
pstwdlrqoz,0
tupvwesocf,0
jntqxzgzhv,0
hpzgoizfsj,0
ptfsvywqqt,0
fyazwfyyvs,0
qrnwxffflz,0
xysbznlbuo,0
tlxjpxqjhf,0
hdcbonopms,0
lzrxtopcai,0
cxrbradvwc,0
ogckjcakjs,0
gfzlvvyyuv,0
tcwmqqyevj,0
vqawratbtt,0
lnsyexlyzk,0
zniohrgopj,0
dhacbhfzln,0
iwenoqhoir,0
fiamxrmqud,0
hghwcbjnks,0
tffarknhnn,0
dlryjcuxbn,0
sxtwvxkpas,0
ebxnvigfxl,0
zgstrrzkri,0
uliixxxqxb,0
eprbysoxhh,0
wlickvbiii,0
phighwgnlv,0
azxedjmoro,0
cfatbxdmnl,0
mkltqtzjjh,0
sxnmkruvky,0
uznpzdnthj,0
qmfakzucgo,0
kkpesctyyw,0
jyuwescsbx,0
englhuxpwh,0
hqhzcdmgfl,0
wqxrsfifnq,0
olwxofbfyk,0
ofsrfhtvaj,0
wcrqjiodne,0
ywztqppkce,0
yawisjtbzm,0
fyartxyrek,0
etriqdasid,0
xrpbgtwwcr,0
kqwdkkskgl,0
qdoekxekqd,0
rfvxmfwvjo,0
zabmuutkdd,0
cumystojhf,0
ligmicnkbv,0
lwcnkrrdrr,0
egygfjddrf,0
ypqugdjlri,0
gyosesriqu,0
hkjzahpcvf,0
pmiuxjrlbo,0
awzubapehf,0
ykhzhfbthl,0
jhfidbwcbd,0
ezghugvwdj,0
yjknqjmcxr,0
gcnvfuezwr,0
raxgicaqjs,0
ywyewgwjnx,0
fmxteeuxle,0
lfarmfpbye,0
wuynlllbbu,0
wneweopwwp,0
ojaxaqkosr,0
ytehlcjkoj,0
alhyzludeh,0
bqepyfexar,0
jlxiqqkzli,0
cbqwbvjvig,0
oxrfwxzkbi,0
rxmwdnshtq,0
zulmbgaukt,0
qagqvypozs,0
dqlzotzhhs,0
jsyyxdzprw,0
jtcmfzuwhp,0
zskixscsbu,0
dkrvpitldw,0
iklyjfrqsk,0
bvtszbzfqc,0
tyaxdwolur,0
ekovelnfnh,0
bfabmzqjba,0
dxginohcov,0
piouowklyo,0
pmjgxozkkf,0
dzeyxdzkki,0
llkckqekmp,0
xwpkjvpvhs,0
qpbvgiixbd,0
spvswsuhjw,0
kolikvoejx,0
wbvubonnwt,0
ecgkpkzmqz,0
toysiygwom,0
blupnvdgls,0
bfuyuxjmnz,0
csjygdlmfl,0
aevbwyxfrz,0
cmboemmgud,0
cixhvcdnxp,0
xzqbmvvipk,0
zgrbaxqfty,0
lderkkrppl,0
xbyymkxlvc,0
lmiicfkhwn,0
adndobaxbc,0
ppctiencxm,0
ipfffjjiix,0
bbyvbpikam,0
kmieslakqa,0
xzjbuxtckg,0
rxbzgrabrl,0
fjiwngpmjz,0
smmroqbdlb,0
xmkacuzeoq,0
uonpesiunz,0
wujjbhxekw,0
bgeergzhjn,0
erzcrbseqe,0
tkrxnmbhqo,0
jdcukzfiko,0
tvdrzvbzmx,0
ggjyggpuzr,0
ansruvslgl,0
qbgfkqajhj,0
zwtdqhlhbl,0
iqwecsjgnd,0
ztmsklcoub,0
cypinewmra,0
ftpchzyola,0
pqapwjwniq,0
wltbrtzcuo,0
xznlggipjy,0
jswpfbxpgb,0
irhlwgajsz,0
vgdzwosioc,0
iihwyguchq,0
tlbjrlbqpq,0
yozgaqppse,0
ynhbwrrxim,0
kajmmwtumo,0
tstwphcufr,0
xvcgrjdfdk,0
vwfrddhtyh,0
ltqsimjoxi,0
xtqiadbizr,0
ugirnddzei,0
bwjvocrdpq,0
rodopanrtr,0
hqrvwpodir,0
maovbakpui,0
rieidhufel,0
rcrnvkqnrj,0
ojfkjrcnbr,0
yriualtvwc,0
qcrvoqyqci,0
uajooiihgl,0
qyikvntrlz,0
owdlnfgljb,0
inhtytvnlv,0
ztquwluqly,0
ljynmogcpy,0
yefjoxparc,0
kybdwxvzsd,0
dnszfibpro,0
yqimxhnoff,0
dicqncfesl,0
esdptbdwyr,0
rkgjrgddgm,0
laoeaoymtj,0
babfbvqxwm,0
rawgrzfqri,0
qarqvtuhtj,0
jaolclfray,0
zphytlgjex,0
yfzmddogmg,0
eeyomczikp,0
uuxkbnhmql,0
dycqgoymvm,0
mhzbbqfrib,0
mysqfujvll,0
vsoxkgujjp,0
unjbmanajo,0
qmwjkuhnew,0
tizncesghg,0
zjobfotewt,0
sxiktoslnx,0
xjkfcyybtc,0
zdegjpuijg,0
idjutxanpz,0
yfxuidgrdn,0
qruuctusdu,0
bcbplzpprx,0
fxexszuklm,0
afhrhsvclr,0
jpvhpfdmra,0
zfqqshjkam,0
bajknbilye,0
rkztthwtut,0
wztymzmzom,0
lhzhlfuuee,0
jlvslhcorf,0
ycsxbngecq,0
wuzcmmnfwj,0
iuwaqansok,0
pfxbdmaqoh,0
vijwncwcdj,0
sloubzzpof,0
qahvwyhzdg,0
hrvqixugon,0
mgrjjivmfa,0
evluydwily,0
hypqzpttcn,0
hhyuqzydyr,0
dmhkafawbx,0
jugsidsofz,0
ezwgapvjeh,0
vrutvlzdht,0
bcdfkbjlsk,0
wotydybxpb,0
ypogehzkww,0
qfjswsinsy,0
ukmkjwzmkz,0
kpcpniniyu,0
kmjcsbdqty,0
nvxifjlyem,0
kypcqfaavr,0
lukjkkwemn,0
gvhtxhskqg,0
dsiykerqho,0
xskhmoeolj,0
wwsbyagqjw,0
graixzopjf,0
czjsksycnd,0
xrorljllnf,0
zkalekrnih,0
utslpedvob,0
iiqpmkaqgd,0
sovlhflong,0
ciobpcerjf,0
nuilazdhps,0
woxmnllcwh,0
zoykiuajsa,0
nrkyrwqpwg,0
pyciuozmdz,0
wnwiyfggtz,0
oftkbrkzap,0
qtpxieazvc,0
mgaesevyml,0
tznrmeskqt,0
wkrzfyktir,0
kyfexebchh,0
tkgsyuanqa,0
nartivizmt,0
hayfrfskth,0
xsxyqujgml,0
pmifktyedk,0
rqxuewlluc,0
bxiuycheup,0
bzckpcalvf,0
lovydzyuoq,0
gxnbnbfnoj,0
ncaoxmmpiu,0
tsezllvnrz,0
ixsnelbork,0
iylwjohlkw,0
inxgbmibjd,0
bughmkxzhz,0
ndstcaucqv,0
rxxutaqehf,0
rotichddqv,0
nnqnusacqx,0
opzucundmr,0
llnblmolog,0
uevnibvebp,0
cmnjlbzhcw,0
pmnhtzamvl,0
prmewzudcv,0
hizjhjhpuh,0
ghdlrqkpbb,0
eacrvaixpp,0
beqyqvrimz,0
jbzcedsqxy,0
ligzbdqwmu,0
bylzndkewr,0
etjhsygzax,0
idspzxbger,0
seqitqpcor,0
artyapusrx,0
nlyycjodnn,0
rqbddrmkct,0
bxbrbyjgse,0
znyllqrmtf,0
schybepzmg,0
bnlfkmhfxq,0
mhoyeipxod,0
pdxyhumyuk,0
xhmwdoccra,0
xdgngpejyr,0
emzjxxhjyg,0
nbsrexhgln,0
kypvcyzduf,0
dtesozzwsi,0
rwbvawmeon,0
xjzqieozry,0
cgrnlmmmrs,0
ggqvhahhko,0
myopydyfjd,0
rgynmnetmv,0
ekswnwwdnq,0
acfjkejdlk,0
xlkxibzsct,0
adcuepjllf,0
eqehbcknlh,0
vgctdudiex,0
feaomlibnh,0
stuoqrpran,0
mustyyyvzz,0
ivifucqync,0
nbyakavria,0
fjpblgzzoz,0
zhpzwdwwxd,0
gpsmofymvf,0
hsqztbkyzv,0
avtamudwsg,0
ualpobmsrc,0
ibxcavouzf,0
dmkwnirxvl,0
fbbcuscmrt,0
virlrdmjnd,0
lfcoveqgnd,0
uwyemnkzlb,0
ergfikxobb,0
eejdqugnni,0
fzkttnzrjm,0
mihkfohqls,0
pujsouxqgy,0
qwuaiscaka,0
dtgphkluim,0
nyyfjseudw,0
mijiegvqlp,0
alfeoingba,0
uxopnfrzja,0
cwzefyemyr,0
brdmrlccxc,0
vbdqbxaeli,0
jndewwqapb,0
tuhdmidojo,0
omkfldaiwk,0
ttxdvsljgq,0
thmmurdyud,0
fpryiirjok,0
kxnanjfhil,0
vfkvkdhszf,0
gkzrsjiizt,0
pdywootvzz,0
kwooltdikk,0
jgyskkchyz,0
iazelndyus,0
mncfworunk,0
nehchfchlk,0
kxtyzphuvt,0
gqicdtoyrl,0
cllzpcsrnu,0
cyzjhyvmrl,0
znpcjghozt,0
jacheuaqtr,0
nzkqclxocl,0
mcqrjymonb,0
jqhjathgxy,0
djjhrkrxfd,0
ifdnyroegw,0
zuhckbvugs,0
olwueuipkk,0
lwkryattke,0
teyzftjyea,0
xvweyfyfxw,0
osxilamrns,0
dwqgqsemze,0
hwmxnyrbth,0
urrqkbislb,0
ahjhcypxji,0
kjwmiijour,0
egghzicnjk,0
mjcpcdpwyx,0
tkvnfdvypt,0
vvrcaondvo,0
ogcglzbzju,0
iejmgibhhx,0
svzfyubvfk,0
feiyiwqbrr,0
zqehzzdwoh,0
uyzexbsaxh,0
wwbifspcal,0
uypqpdauhm,0
zqjhbgsemh,0
yrqaqpyatg,0
vrplgugrml,0
ninloooqun,0
heqaqjuvml,0
ntrshrjgtt,0
haxbdfuznt,0
vjjudfiauo,0
qrgzcqhkog,0
zhmdxgfhdj,0
lbyikwwlpz,0
ndfgomcrda,0
ygcoiwmimw,0
vslbuowrai,0
rrxxiuogam,0
fcpzztfgsp,0
xokigwjqgm,0
hiyqnlwcad,0
xzqofmcgda,0
xtpjybmcae,0
abbxhdnefd,0
cycjogifpe,0
gfdpcaxest,0
uhgqpoadag,0
zhwaunlvlv,0
gcjompcrha,0
qkkrwckuxc,0
exmjbmsmku,0
zwpipkzdlp,0
wyfvnxlsqm,0
izjvsatxll,0
whgvcmweki,0
gpnhuixwnp,0
nablgsfjnt,0
ocvkewfisp,0
hpkdkncelz,0
arxwibzwtm,0
usdmgqiqhw,0
weblnfshug,0
hjckslcxaa,0
xvahyymfrd,0
ctwubqfrpw,0
avgncehtfm,0
hsqauokipb,0
bsaztmfnbk,0
ataxokfuxs,0
rncoarpkpq,0
zicdcwivll,0
mfkdbyeoso,0
eflowfbvdn,0
vhgdyvecix,0
zsnehfvoan,0
nwqdrpaamv,0
detjernzpe,0
secbwvltif,0
jgxuixckdk,0
utreguibii,0
hzrxqfqckf,0
qvmetdvkuw,0
znrtibzqxq,0
kokeqvhzmu,0
rejiombwxc,0
qxrhbhxmdj,0
txxolqgqyd,0
ibtfgypsha,0
zigadeascv,0
kssukpjyyv,0
sepjzaxvih,0
bswsuvctoj,0
cpoildpvvi,0
ztbdjqmvko,0
jjqdaxtalt,0
ogentfabam,0
cufvwhghbu,0
znnlcdxlky,0
nunrfpnsoj,0
orfyharugn,0
smxgomavyy,0
jdshheyidd,0
uvierjmxfd,0
wqpsfmwtgd,0
dzjelemzaf,0
cvxuodvahv,0
ytqufjrdyu,0
xgcvatdkde,0
gybkwppcsy,0
vunnfbkoax,0
grmhuurmzy,0
gcnqmkzywd,0
vmhjueciid,0
ktdhfckaoi,0
xphocxhflw,0
zzrbtabryi,0
judgdvfipe,0
vtalsohlyi,0
xkzhbhcgde,0
ezagmyphgq,0
djebmoafzm,0
ddcplxhbzx,0
vblwwxgjbd,0
maozikerte,0
okmmmyordt,0
vnblbmelts,0
yozuyidqnm,0
hsdkdmjoto,0
rcbadzcbek,0
zgpztapopt,0
kwwsnnuucu,0
keqtkdjpfx,0
crjnsoxcuy,0
drmmirjwiv,0
nwvptndrrv,0
ppksokzmrc,0
znizvsiavf,0
yndpzvzocz,0
cdwwewmjow,0
otjwqnasfb,0
yrlevofoiv,0
jgreklturn,0
mxnrtwsyqo,0
whuutalpcp,0
ixkhgthqgf,0
paxlqvwtwp,0
sdzdoekavn,0
mrjipzoaoq,0
davxjybmmm,0
odqutopjms,0
hjzlsgqkvv,0
usigoqxboj,0
yafoqqaoia,0
pqgtrakzql,0
ohvdtzdovk,0
cklhnqomjw,0
cpcugezjvk,0
pziioysins,0
yxdtmltaca,0
srxhzqsqni,0
nwfzhryafy,0
dvrilripdw,0
mhlkpqswqm,0
kprxlaienn,0
evqmrvngdv,0
qsccjvtknx,0
ovhnlxzgzr,0
jurpmxhxzf,0
mshwgtuiqk,0
qnqmoesurm,0
fxqulpepqj,0
njomnfmvqx,0
muyluzwnwq,0
oucrsiewyx,0
ojniwtnbxy,0
gzeizlhriz,0
jnxyihxwwk,0
iqedkioxdn,0
ofttzakujg,0
wjvngwyzsy,0
mcpnvdrhqi,0
osmqqrplgs,0
gqzwnfxdcc,0
whaqzcrraz,0
onbofuqztl,0
wrulraivey,0
uulfiterti,0
mklbxluzfv,0
uevgcjsmwe,0
jdsxpgfgvc,0
ygnbirgltk,0
wuvfavzyqu,0
ejncrzhzph,0
knjfpijdux,0
txrzdqfpdm,0
diinlnhsqf,0
sjmdcgclmq,0
wmxriyvgof,0
fbppbyfvlv,0
oamykkndyi,0
omdmqttoqw,0
iyxgltbejv,0
eqkfrchrcv,0
gnzjipckzd,0
qqvqskdiuj,0
xuvdydntet,0
cdburdhova,0
pkkgqlixoe,0
wuakbmmiaw,0
nlgczbhvhy,0
jhnzwxwnbo,0
nqefeepefe,0
ukxmdlzqpf,0
mddmdtguxl,0
ptwbonrdkz,0
wcmsvjczce,0
ducwbsybho,0
fzupfuyeiu,0
wtscoimwmm,0
olkfoojmkj,0
xkpwoeomdv,0
qsmfftflto,0
hiwpvavmcq,0
avxamscjqb,0
sbhkpybexs,0
edrjrmdpxz,0
tmsgcbyjkq,0
mqxfoltolo,0
foslwgehvk,0
lchanmizto,0
obxtycbctq,0
ggbiusfmpb,0
sjdegakcsd,0
tylgojxhog,0
ibmfxdoder,0
ybrdhdywii,0
pyzosabyns,0
wybzxtvnwb,0
spthjnuqkh,0
bxedpssuqn,0
jnoxlvzkyr,0
zabggjiruu,0
xadfiunhme,0
xbuyvvaexg,0
lhrsuhcjvs,0
jfkyzmrllh,0
suzlpxeksg,0
yqwgzegbsa,0
npvrltaomh,0
execlslomq,0
xexkfmkpun,0
jgyxpdbyfh,0
braktofkdh,0
exuphgueaa,0
ypvmetamlx,0
smiulkgftw,0
wrrelbsqzw,0
phgzwanfyh,0
fnorycocid,0
luzifjcsqt,0
bzpfjmjcfu,0
njvtuqjqgu,0
slyswfzwrp,0
hgwgbebccn,0
kxjzdprnwq,0
tlsdnfqnsa,0
zjidxrtqyu,0
supagzabgs,0
efckzevqhe,0
axwrnprgvz,0
tmsqiqispa,0
okwugtutsr,0
rhkpgvfjrq,0
btgqmjqjjs,0
ypfmnxqxja,0
mqqprcqysj,0
numeuetulf,0
iqfgltabhc,0
mweuybtefd,0
xuclbcokae,0
cykevdjbsb,0
tmirzcerpm,0
mmtfmaqogf,0
chsdtotpmf,0
zuarelrglc,0
kdlqchzugw,0
epsqtgkkqr,0
vyljxuvggo,0
mxnfdpopdb,0
vzshaacsux,0
rayewjbcaa,0
nlbjicxnrh,0
dawmdajzmk,0
cpszoyjxuz,0
ddqdpixvtt,0
empvoqtcfv,0
wacikvqcbl,0
daxlprzhvp,0
qpbpbujeqx,0
blrycycehh,0
zenhvrlrzo,0
trzbxfmrvu,0
kxmpzdifkw,0
cfncgjsvjv,0
bfseueaufn,0
fmzteakxin,0
qyxwrjnyjm,0
qtacofsbty,0
bxyfmtwzzu,0
eyuzbhnnww,0
mbieabxicb,0
hkaixlmjcc,0
srqytmvzzn,0
rhpdiqbdum,0
qgwegzriop,0
mnzwlmbxqs,0
jmmtjovxkf,0
otyvgwmdmn,0
vkeyyllfcw,0
qkpxtwgpam,0
bzbvvwvcsb,0
sempfhjubc,0
cnaxekpcwv,0
sgieyzhyps,0
mtekfhgiby,0
rvtklunstl,0
genrtnhjop,0
bzfovmsncx,0
xbfqwtrywr,0
hmqwjzwrno,0
zfdysbxzci,0
tfjrtegpsc,0
zknkqeseug,0
oqntviqrji,0
dghbqpbidn,0
oszcrdpyie,0
frhnrkclqo,0
xxjappqujh,0
dmogvryxkd,0
egtrvdrydb,0
inzebpmhvm,0
qgpbctukpd,0
tsvvonqiou,0
fkwjvfrkju,0
affqpmzmmh,0
lixefvwwqf,0
tpfmerbhja,0
mhegoqxqxp,0
rpkgxdtvsl,0
nnqqkdpndj,0
ablkdsakri,0
amzydaflyx,0
frnzrtgoxo,0
flrnncqrce,0
tqfpvmbphv,0
jzazzisrel,0
pduryuanfa,0
uysjgweljr,0
sjhvnmchvt,0
jqdzhfiuqf,0
tbkfvmrwmy,0
dkibsatekm,0
nfyjnoedwk,0
uscqugmisz,0
inevkavmrv,0
ztqveipfkp,0
zmaylqqzds,0
wulmkxvceh,0
fnbanwzfte,0
sdfrjyxglj,0
nucgqslpij,0
zvancsdafn,0
pbduztnray,0
tqzhinkgmw,0
nxijwexwtw,0
hjlrtyinmy,0
qwhtgbkmhh,0
lskbbmbdbx,0
xucoyewhma,0
kgdkdybqfm,0
xfpqixielg,0
upooqnmwxg,0
ondyxofxsa,0
ttzcusyhpj,0
ujuyivxtzv,0
zaedfktstj,0
tholhhwyuh,0
mhssmpffjd,0
tbtjzsibdf,0
ezzghhcber,0
qcyatgftbx,0
abdgiaggnz,0
fjbkibfbqh,0
gagbaijcyf,0
coknryecpy,0
nlsvnipeyy,0
tiichmjkew,0
xlapkfqmzz,0
cxjuzacuvp,0
jphgvmxztf,0
neystxorof,0
gexypntpsb,0
cqewnuiorb,0
yrtwjhzmos,0
vmoimcyiep,0
ihdmxhvtql,0
xxegpbkpec,0
zgmfcqkmas,0
xatsfapbfr,0
btsmbbauht,0
bjqckbunor,0
mrmxjsvudz,0
cscgfopnhs,0
fpvjszlbye,0
aqwqwxakdc,0
chaztfmvhy,0
ylildxwdsq,0
jrpkobdlnj,0
iwpopethcp,0
btjmuglrus,0
bpdkhphjxt,0
cxwaxebicb,0
datiomqeoc,0
wilkuzvslr,0
tcvlpouzjl,0
oohmfcbigk,0
mlyxsxolah,0
ndndmhkfxk,0
jbonkyxlit,0
ycbrdgxgtp,0